证据ID,类型,内容摘要,来源名称,链接或文件位置,获取日期,可信度,关联假设,关联文件,负责人,备注
E01,二手数据,"XJTLU 学生规模「26,000+ Students（updated in May 2026）」",XJTLU 官网 About / Overview,https://www.xjtlu.edu.cn/en/about/overview,2026-09-22,官方一手,市场基数,本文件,汤鋆秋,"2026-09-22 访问确认，页面标注 ""26,000+ Students""（updated in May 2026）"
E02,一手数据,问卷 Q3/Q4 的需求比例与品类排序,本组问卷（ENT303TC 课程项目）,`Evidence_Hub/Week_5/W05_问卷成品_v1.md`,Week 5 回收后填写,自采一手,H01/H02/H04,`05_问卷题目草稿.md`,黄俊杰,回收前此项为空，不得作为已验证证据；回收后填实际份数
E03,一手数据,访谈原话与场景,本组访谈记录（U01-U05）,`Evidence_Hub/Week_5/W05_访谈执行包_v1.md`,Week 5 访谈后填写,自采一手,H01/H02/H06,`04_用户访谈提纲.md`,黄俊杰,用匿名编号 U01/U02 保存，记录里不得出现姓名学号
E04,内部估算,触达与注册转化率的渠道经验值,本组推算,见 W3_Market_Sizing_v1 第 4 节,2026-09-22,本组假设,I6,本文件,汤鋆秋,本组假设：触达→注册 20%（区间 15%-30%），依据为渠道推广经验值
E05,内部估算,平均单次成交金额区间,原型种子物品数据,`xjtlu-market-app/data/products.json`,2026-09-22,原型数据,I5,本文件,郭宇璇（Rita）,属于原型模拟数据，不能当作市场数据；仅用于估计单次金额 35 元
E06,内部估算,注册到首单的转化率假设,行业类比,见 W3_Market_Sizing_v1 第 2 节,2026-09-22,本组假设,I7,本文件,汤鋆秋,本组假设：注册→首单 15%（区间 10%-25%），须标注为假设
E07,内部推算,Year-1 可触达学生人数（去重后）,渠道表加总,"`W3_Market_Sizing_Workbook_v1.xlsx` 渠道表（小计 2,688 × 全局去重 0.8 = 2,150）",2026-09-22,本组推算,I2,本文件,汤鋆秋,SOM 关键输入；群数与人数为默认值，session 前换成真实数据
E08,二手数据,全国高校在校生人数,教育部年度统计公报,http://www.moe.gov.cn/jyb_sjzl/sjzl_fztjgb/,2026-09-22,官方一手,仅 TAM 上限,本文件,汤鋆秋,"高等教育在学总规模 4,763.19 万人（2023 年公报口径），填前请核对最新一期公报"
E10,竞品观察,闲鱼平台功能与交易流程截图,闲鱼官网,https://www.goofish.com/,2026-09-22,官方一手（平台自述）,C01,`W3_Competitor_Table_v1.csv`,李元龙,官网可访问；截图待补
E11,竞品观察,XJTLU 学生微信群信息流截图,微信群,同上,2026-09-22,自采观察,C02,同上,李元龙,需补具体群名与截图，个人信息打码
E12,竞品观察,人人租信用免押租赁的品类、价格与规则,人人租官网,https://www.rrzuji.com/,2026-09-22,官方一手（平台自述）,C03,同上,李元龙,官网可访问；截图待补
E13,竞品观察,爱回收的回收流程、门店与估价方式,爱回收官网,https://www.aihuishou.com/,2026-09-22,官方一手（平台自述）,C04,同上,李元龙,官网可访问；截图待补
E14,竞品观察,转转的官方验机制与交易规则,转转官网,https://www.zhuanzhuan.com/,2026-09-22,官方一手（平台自述）,C05,同上,李元龙,官网可访问；截图待补
E15,一手数据,线下向同学借用的经历与原话,本组访谈记录,`Evidence_Hub/Week_5/W05_访谈执行包_v1.md`,Week 5 访谈后填写,自采一手,H02/C06,同上,黄俊杰,需要 2 场访谈后填写，用匿名编号
