"数据性质","虚拟编号","假设校区","假设年级","假设学习方向","假设角色","假设物品需要","假设需要频率","假设尝试意向","假设定位选择"
"SYNTHETIC 虚构示例","V001","XEC","2","工程类学习方向（假设）","借用者","计算器","每学期1-2次","愿意尝试","不开定位"
"SYNTHETIC 虚构示例","V002","SIP","3","商科类学习方向（假设）","借用者","演示正装","每学期1次","有条件尝试","不开定位"
"SYNTHETIC 虚构示例","V003","XEC","1","计算机类学习方向（假设）","借用者","转接头","每月1次以内","暂不考虑","不开定位"
"SYNTHETIC 虚构示例","V004","SIP","2","设计类学习方向（假设）","物品拥有者","三脚架","每学期2-3次","有条件尝试","不开定位"
"SYNTHETIC 虚构示例","V005","XEC","3","工程类学习方向（假设）","借用者","移动电源","每学期1次","暂不考虑","不开定位"
"SYNTHETIC 虚构示例","V006","SIP","4","商科类学习方向（假设）","买断者","显示器","每年1次以内","有条件尝试","不开定位"
"SYNTHETIC 虚构示例","V007","XEC","2","计算机类学习方向（假设）","借用者","相机","每学期1次","有条件尝试","可接受主动定位"
"SYNTHETIC 虚构示例","V008","SIP","1","语言与人文学习方向（假设）","借用者","行李箱","每年1次以内","暂不考虑","不开定位"
"SYNTHETIC 虚构示例","V009","XEC","4","设计类学习方向（假设）","物品拥有者","蒸汽熨斗","每月1次以内","愿意尝试","不开定位"
"SYNTHETIC 虚构示例","V010","SIP","3","工程类学习方向（假设）","借用者","自行车","每学期2次以内","暂不考虑","可接受主动定位"
"SYNTHETIC 虚构示例","V011","XEC","1","商科类学习方向（假设）","交换者","活动服装","每学期1次","有条件尝试","不开定位"
"SYNTHETIC 虚构示例","V012","SIP","2","计算机类学习方向（假设）","借用者","投影仪","每学期1次","有条件尝试","不开定位"
"SYNTHETIC 虚构示例","V013","XEC","3","语言与人文学习方向（假设）","物品拥有者","麦克风","每学期1次","暂不考虑","不开定位"
"SYNTHETIC 虚构示例","V014","SIP","4","设计类学习方向（假设）","借用者","拍摄灯","每学期2-3次","愿意尝试","可接受主动定位"
"SYNTHETIC 虚构示例","V015","XEC","2","工程类学习方向（假设）","借用者","白大褂","每学期1次以内","暂不考虑","不开定位"
"SYNTHETIC 虚构示例","V016","XEC","4","工程类学习方向（假设）","交换者","计算器","每学期1次","暂不考虑","不开定位"
"SYNTHETIC 虚构示例","V017","XEC","1","商科类学习方向（假设）","借用者","演示正装","每年1次以内","愿意尝试","不开定位"
"SYNTHETIC 虚构示例","V018","SIP","2","设计类学习方向（假设）","物品拥有者","转接头","每月1次以内","暂不考虑","可接受主动定位"
"SYNTHETIC 虚构示例","V019","SIP","3","计算机类学习方向（假设）","买断者","三脚架","每学期1次","愿意尝试","不开定位"
"SYNTHETIC 虚构示例","V020","SIP","4","语言与人文学习方向（假设）","交换者","移动电源","每年1次以内","暂不考虑","不开定位"
"SYNTHETIC 虚构示例","V021","SIP","1","工程类学习方向（假设）","借用者","显示器","每月1次以内","暂不考虑","不开定位"
"SYNTHETIC 虚构示例","V022","XEC","2","商科类学习方向（假设）","物品拥有者","相机","每学期1次","暂不考虑","不开定位"
"SYNTHETIC 虚构示例","V023","SIP","3","设计类学习方向（假设）","买断者","行李箱","每年1次以内","有条件尝试","可接受主动定位"
"SYNTHETIC 虚构示例","V024","XEC","4","计算机类学习方向（假设）","交换者","蒸汽熨斗","每月1次以内","愿意尝试","不开定位"
"SYNTHETIC 虚构示例","V025","XEC","1","语言与人文学习方向（假设）","借用者","自行车","每学期1次","暂不考虑","不开定位"
"SYNTHETIC 虚构示例","V026","XEC","2","工程类学习方向（假设）","物品拥有者","活动服装","每年1次以内","暂不考虑","不开定位"
"SYNTHETIC 虚构示例","V027","XEC","3","商科类学习方向（假设）","买断者","投影仪","每月1次以内","暂不考虑","不开定位"
"SYNTHETIC 虚构示例","V028","XEC","4","设计类学习方向（假设）","交换者","麦克风","每学期1次","暂不考虑","不开定位"
"SYNTHETIC 虚构示例","V029","SIP","1","计算机类学习方向（假设）","借用者","拍摄灯","每年1次以内","暂不考虑","不开定位"
"SYNTHETIC 虚构示例","V030","XEC","2","语言与人文学习方向（假设）","物品拥有者","白大褂","每月1次以内","愿意尝试","不开定位"
"SYNTHETIC 虚构示例","V031","SIP","3","工程类学习方向（假设）","买断者","计算器","每学期1次","暂不考虑","可接受主动定位"
"SYNTHETIC 虚构示例","V032","XEC","4","商科类学习方向（假设）","交换者","演示正装","每年1次以内","暂不考虑","不开定位"
"SYNTHETIC 虚构示例","V033","SIP","1","设计类学习方向（假设）","借用者","转接头","每月1次以内","有条件尝试","不开定位"
"SYNTHETIC 虚构示例","V034","SIP","2","计算机类学习方向（假设）","物品拥有者","三脚架","每学期1次","暂不考虑","不开定位"
"SYNTHETIC 虚构示例","V035","XEC","3","语言与人文学习方向（假设）","买断者","移动电源","每年1次以内","暂不考虑","不开定位"
"SYNTHETIC 虚构示例","V036","XEC","4","工程类学习方向（假设）","交换者","显示器","每月1次以内","有条件尝试","不开定位"
"SYNTHETIC 虚构示例","V037","SIP","1","商科类学习方向（假设）","借用者","相机","每学期1次","愿意尝试","不开定位"
"SYNTHETIC 虚构示例","V038","XEC","2","设计类学习方向（假设）","物品拥有者","行李箱","每年1次以内","暂不考虑","可接受主动定位"
"SYNTHETIC 虚构示例","V039","XEC","3","计算机类学习方向（假设）","买断者","蒸汽熨斗","每月1次以内","有条件尝试","不开定位"
"SYNTHETIC 虚构示例","V040","SIP","4","语言与人文学习方向（假设）","交换者","自行车","每学期1次","愿意尝试","不开定位"
"SYNTHETIC 虚构示例","V041","XEC","1","工程类学习方向（假设）","借用者","活动服装","每年1次以内","暂不考虑","不开定位"
"SYNTHETIC 虚构示例","V042","XEC","2","商科类学习方向（假设）","物品拥有者","投影仪","每月1次以内","愿意尝试","不开定位"
"SYNTHETIC 虚构示例","V043","SIP","3","设计类学习方向（假设）","买断者","麦克风","每学期1次","暂不考虑","不开定位"
"SYNTHETIC 虚构示例","V044","SIP","4","计算机类学习方向（假设）","交换者","拍摄灯","每年1次以内","愿意尝试","不开定位"
"SYNTHETIC 虚构示例","V045","SIP","1","语言与人文学习方向（假设）","借用者","白大褂","每月1次以内","暂不考虑","不开定位"
"SYNTHETIC 虚构示例","V046","XEC","2","工程类学习方向（假设）","物品拥有者","计算器","每学期1次","暂不考虑","不开定位"
"SYNTHETIC 虚构示例","V047","XEC","3","商科类学习方向（假设）","买断者","演示正装","每年1次以内","有条件尝试","不开定位"
"SYNTHETIC 虚构示例","V048","XEC","4","设计类学习方向（假设）","交换者","转接头","每月1次以内","有条件尝试","不开定位"
"SYNTHETIC 虚构示例","V049","XEC","1","计算机类学习方向（假设）","借用者","三脚架","每学期1次","有条件尝试","不开定位"
"SYNTHETIC 虚构示例","V050","XEC","2","语言与人文学习方向（假设）","物品拥有者","移动电源","每年1次以内","有条件尝试","不开定位"
"SYNTHETIC 虚构示例","V051","SIP","3","工程类学习方向（假设）","买断者","显示器","每月1次以内","暂不考虑","不开定位"
"SYNTHETIC 虚构示例","V052","XEC","4","商科类学习方向（假设）","交换者","相机","每学期1次","有条件尝试","不开定位"
"SYNTHETIC 虚构示例","V053","XEC","1","设计类学习方向（假设）","借用者","行李箱","每年1次以内","愿意尝试","不开定位"
"SYNTHETIC 虚构示例","V054","SIP","2","计算机类学习方向（假设）","物品拥有者","蒸汽熨斗","每月1次以内","暂不考虑","不开定位"
"SYNTHETIC 虚构示例","V055","SIP","3","语言与人文学习方向（假设）","买断者","自行车","每学期1次","暂不考虑","不开定位"
"SYNTHETIC 虚构示例","V056","SIP","4","工程类学习方向（假设）","交换者","活动服装","每年1次以内","暂不考虑","可接受主动定位"
"SYNTHETIC 虚构示例","V057","XEC","1","商科类学习方向（假设）","借用者","投影仪","每月1次以内","有条件尝试","不开定位"
"SYNTHETIC 虚构示例","V058","XEC","2","设计类学习方向（假设）","物品拥有者","麦克风","每学期1次","有条件尝试","可接受主动定位"
"SYNTHETIC 虚构示例","V059","XEC","3","计算机类学习方向（假设）","买断者","拍摄灯","每年1次以内","暂不考虑","不开定位"
"SYNTHETIC 虚构示例","V060","SIP","4","语言与人文学习方向（假设）","交换者","白大褂","每月1次以内","愿意尝试","可接受主动定位"
"SYNTHETIC 虚构示例","V061","SIP","1","工程类学习方向（假设）","借用者","计算器","每学期1次","有条件尝试","不开定位"
"SYNTHETIC 虚构示例","V062","XEC","2","商科类学习方向（假设）","物品拥有者","演示正装","每年1次以内","愿意尝试","可接受主动定位"
"SYNTHETIC 虚构示例","V063","XEC","3","设计类学习方向（假设）","买断者","转接头","每月1次以内","暂不考虑","可接受主动定位"
"SYNTHETIC 虚构示例","V064","SIP","4","计算机类学习方向（假设）","交换者","三脚架","每学期1次","有条件尝试","可接受主动定位"
"SYNTHETIC 虚构示例","V065","SIP","1","语言与人文学习方向（假设）","借用者","移动电源","每年1次以内","有条件尝试","不开定位"
"SYNTHETIC 虚构示例","V066","SIP","2","工程类学习方向（假设）","物品拥有者","显示器","每月1次以内","愿意尝试","可接受主动定位"
"SYNTHETIC 虚构示例","V067","XEC","3","商科类学习方向（假设）","买断者","相机","每学期1次","暂不考虑","可接受主动定位"
"SYNTHETIC 虚构示例","V068","SIP","4","设计类学习方向（假设）","交换者","行李箱","每年1次以内","有条件尝试","可接受主动定位"
"SYNTHETIC 虚构示例","V069","XEC","1","计算机类学习方向（假设）","借用者","蒸汽熨斗","每月1次以内","愿意尝试","可接受主动定位"
"SYNTHETIC 虚构示例","V070","XEC","2","语言与人文学习方向（假设）","物品拥有者","自行车","每学期1次","愿意尝试","可接受主动定位"
"SYNTHETIC 虚构示例","V071","SIP","3","工程类学习方向（假设）","买断者","活动服装","每年1次以内","有条件尝试","不开定位"
"SYNTHETIC 虚构示例","V072","XEC","4","商科类学习方向（假设）","交换者","投影仪","每月1次以内","愿意尝试","可接受主动定位"
"SYNTHETIC 虚构示例","V073","SIP","1","设计类学习方向（假设）","借用者","麦克风","每学期1次","暂不考虑","可接受主动定位"
"SYNTHETIC 虚构示例","V074","SIP","2","计算机类学习方向（假设）","物品拥有者","拍摄灯","每年1次以内","有条件尝试","不开定位"
"SYNTHETIC 虚构示例","V075","SIP","3","语言与人文学习方向（假设）","买断者","白大褂","每月1次以内","暂不考虑","不开定位"
"SYNTHETIC 虚构示例","V076","XEC","4","工程类学习方向（假设）","交换者","计算器","每学期1次","暂不考虑","不开定位"
"SYNTHETIC 虚构示例","V077","XEC","1","商科类学习方向（假设）","借用者","演示正装","每年1次以内","暂不考虑","不开定位"
"SYNTHETIC 虚构示例","V078","XEC","2","设计类学习方向（假设）","物品拥有者","转接头","每月1次以内","有条件尝试","不开定位"
"SYNTHETIC 虚构示例","V079","XEC","3","计算机类学习方向（假设）","买断者","三脚架","每学期1次","暂不考虑","可接受主动定位"
"SYNTHETIC 虚构示例","V080","SIP","4","语言与人文学习方向（假设）","交换者","移动电源","每年1次以内","暂不考虑","不开定位"
"SYNTHETIC 虚构示例","V081","XEC","1","工程类学习方向（假设）","借用者","显示器","每月1次以内","有条件尝试","不开定位"
"SYNTHETIC 虚构示例","V082","XEC","2","商科类学习方向（假设）","物品拥有者","相机","每学期1次","有条件尝试","可接受主动定位"
"SYNTHETIC 虚构示例","V083","SIP","3","设计类学习方向（假设）","买断者","行李箱","每年1次以内","有条件尝试","可接受主动定位"
"SYNTHETIC 虚构示例","V084","XEC","4","计算机类学习方向（假设）","交换者","蒸汽熨斗","每月1次以内","愿意尝试","不开定位"
"SYNTHETIC 虚构示例","V085","XEC","1","语言与人文学习方向（假设）","借用者","自行车","每学期1次","有条件尝试","不开定位"
"SYNTHETIC 虚构示例","V086","XEC","2","工程类学习方向（假设）","物品拥有者","活动服装","每年1次以内","愿意尝试","可接受主动定位"
"SYNTHETIC 虚构示例","V087","XEC","3","商科类学习方向（假设）","买断者","投影仪","每月1次以内","有条件尝试","不开定位"
"SYNTHETIC 虚构示例","V088","SIP","4","设计类学习方向（假设）","交换者","麦克风","每学期1次","暂不考虑","不开定位"
"SYNTHETIC 虚构示例","V089","SIP","1","计算机类学习方向（假设）","借用者","拍摄灯","每年1次以内","暂不考虑","不开定位"
"SYNTHETIC 虚构示例","V090","XEC","2","语言与人文学习方向（假设）","物品拥有者","白大褂","每月1次以内","有条件尝试","可接受主动定位"
"SYNTHETIC 虚构示例","V091","SIP","3","工程类学习方向（假设）","买断者","计算器","每学期1次","暂不考虑","不开定位"
"SYNTHETIC 虚构示例","V092","XEC","4","商科类学习方向（假设）","交换者","演示正装","每年1次以内","暂不考虑","不开定位"
"SYNTHETIC 虚构示例","V093","XEC","1","设计类学习方向（假设）","借用者","转接头","每月1次以内","有条件尝试","不开定位"
"SYNTHETIC 虚构示例","V094","SIP","2","计算机类学习方向（假设）","物品拥有者","三脚架","每学期1次","愿意尝试","不开定位"
"SYNTHETIC 虚构示例","V095","SIP","3","语言与人文学习方向（假设）","买断者","移动电源","每年1次以内","暂不考虑","可接受主动定位"
"SYNTHETIC 虚构示例","V096","SIP","4","工程类学习方向（假设）","交换者","显示器","每月1次以内","愿意尝试","不开定位"
"SYNTHETIC 虚构示例","V097","XEC","1","商科类学习方向（假设）","借用者","相机","每学期1次","愿意尝试","可接受主动定位"
"SYNTHETIC 虚构示例","V098","SIP","2","设计类学习方向（假设）","物品拥有者","行李箱","每年1次以内","暂不考虑","不开定位"
"SYNTHETIC 虚构示例","V099","SIP","3","计算机类学习方向（假设）","买断者","蒸汽熨斗","每月1次以内","暂不考虑","不开定位"
"SYNTHETIC 虚构示例","V100","XEC","4","语言与人文学习方向（假设）","交换者","自行车","每学期1次","有条件尝试","可接受主动定位"
