"数据性质","虚拟编号","任务","合成结果","合成用时（秒）","完成编码","独立编码","示例错误","示例帮助或停止说明","合成反馈"
"SYNTHETIC 虚构示例","V001","T1 按日期找物品","独立完成","137","1","1","无示例严重错误","无需主持帮助；不是实际观察","示例任务理解较顺畅，不能据此证明真实可用性"
"SYNTHETIC 虚构示例","V001","T2 求物与推荐","未完成","360","0","0","示例阻塞：任务无法继续","示例停止条件：达到360秒任务上限，仍未完成","不清楚推荐还需确认；没有供应时不知下一步"
"SYNTHETIC 虚构示例","V001","T3 费用与归还","未完成","300","0","0","示例严重错误：费用概念混淆","示例停止条件：达到300秒任务上限，仍未完成","把押金算成租金或平台收入；没看清归还条件"
"SYNTHETIC 虚构示例","V001","T4 不开GPS约地点","独立完成","73","1","1","无示例严重错误","无需主持帮助；不是实际观察","示例任务理解较顺畅，不能据此证明真实可用性"
"SYNTHETIC 虚构示例","V001","T5 课表校对与匹配","独立完成","336","1","1","无示例严重错误","无需主持帮助；不是实际观察","示例任务理解较顺畅，不能据此证明真实可用性"
"SYNTHETIC 虚构示例","V002","T1 按日期找物品","独立完成","125","1","1","无示例严重错误","无需主持帮助；不是实际观察","示例任务理解较顺畅，不能据此证明真实可用性"
"SYNTHETIC 虚构示例","V002","T2 求物与推荐","独立完成","158","1","1","无示例严重错误","无需主持帮助；不是实际观察","示例任务理解较顺畅，不能据此证明真实可用性"
"SYNTHETIC 虚构示例","V002","T3 费用与归还","独立完成","144","1","1","无示例严重错误","无需主持帮助；不是实际观察","示例任务理解较顺畅，不能据此证明真实可用性"
"SYNTHETIC 虚构示例","V002","T4 不开GPS约地点","独立完成","85","1","1","无示例严重错误","无需主持帮助；不是实际观察","示例任务理解较顺畅，不能据此证明真实可用性"
"SYNTHETIC 虚构示例","V002","T5 课表校对与匹配","未尝试",,"0","0","无示例严重错误","虚拟用户未选择课表任务；没有执行记录","个人可选择不导入课表"
"SYNTHETIC 虚构示例","V003","T1 按日期找物品","独立完成","130","1","1","无示例严重错误","无需主持帮助；不是实际观察","示例任务理解较顺畅，不能据此证明真实可用性"
"SYNTHETIC 虚构示例","V003","T2 求物与推荐","独立完成","180","1","1","无示例严重错误","无需主持帮助；不是实际观察","示例任务理解较顺畅，不能据此证明真实可用性"
"SYNTHETIC 虚构示例","V003","T3 费用与归还","协助完成","233","1","0","无示例严重错误","示例主持提示后完成；不是独立完成","需要再次确认按钮含义和下一步"
"SYNTHETIC 虚构示例","V003","T4 不开GPS约地点","独立完成","91","1","1","无示例严重错误","无需主持帮助；不是实际观察","示例任务理解较顺畅，不能据此证明真实可用性"
"SYNTHETIC 虚构示例","V003","T5 课表校对与匹配","未完成","900","0","0","示例阻塞：任务无法继续","示例停止条件：达到900秒任务上限，仍未完成","星期或周次校对遗漏；把共同空档当成确定约定"
"SYNTHETIC 虚构示例","V004","T1 按日期找物品","独立完成","162","1","1","无示例严重错误","无需主持帮助；不是实际观察","示例任务理解较顺畅，不能据此证明真实可用性"
"SYNTHETIC 虚构示例","V004","T2 求物与推荐","独立完成","224","1","1","无示例严重错误","无需主持帮助；不是实际观察","示例任务理解较顺畅，不能据此证明真实可用性"
"SYNTHETIC 虚构示例","V004","T3 费用与归还","独立完成","149","1","1","无示例严重错误","无需主持帮助；不是实际观察","示例任务理解较顺畅，不能据此证明真实可用性"
"SYNTHETIC 虚构示例","V004","T4 不开GPS约地点","独立完成","66","1","1","无示例严重错误","无需主持帮助；不是实际观察","示例任务理解较顺畅，不能据此证明真实可用性"
"SYNTHETIC 虚构示例","V004","T5 课表校对与匹配","未尝试",,"0","0","无示例严重错误","虚拟用户未选择课表任务；没有执行记录","个人可选择不导入课表"
"SYNTHETIC 虚构示例","V005","T1 按日期找物品","独立完成","168","1","1","无示例严重错误","无需主持帮助；不是实际观察","示例任务理解较顺畅，不能据此证明真实可用性"
"SYNTHETIC 虚构示例","V005","T2 求物与推荐","协助完成","302","1","0","无示例严重错误","示例主持提示后完成；不是独立完成","需要再次确认按钮含义和下一步"
"SYNTHETIC 虚构示例","V005","T3 费用与归还","独立完成","87","1","1","无示例严重错误","无需主持帮助；不是实际观察","示例任务理解较顺畅，不能据此证明真实可用性"
"SYNTHETIC 虚构示例","V005","T4 不开GPS约地点","独立完成","97","1","1","无示例严重错误","无需主持帮助；不是实际观察","示例任务理解较顺畅，不能据此证明真实可用性"
"SYNTHETIC 虚构示例","V005","T5 课表校对与匹配","未尝试",,"0","0","无示例严重错误","虚拟用户未选择课表任务；没有执行记录","个人可选择不导入课表"
"SYNTHETIC 虚构示例","V006","T1 按日期找物品","未完成","300","0","0","示例阻塞：任务无法继续","示例停止条件：达到300秒任务上限，仍未完成","把筛选结果误认为已经预约；忽略物品可用日期"
"SYNTHETIC 虚构示例","V006","T2 求物与推荐","协助完成","303","1","0","无示例严重错误","示例主持提示后完成；不是独立完成","需要再次确认按钮含义和下一步"
"SYNTHETIC 虚构示例","V006","T3 费用与归还","未完成","300","0","0","示例严重错误：费用概念混淆","示例停止条件：达到300秒任务上限，仍未完成","把押金算成租金或平台收入；没看清归还条件"
"SYNTHETIC 虚构示例","V006","T4 不开GPS约地点","独立完成","76","1","1","无示例严重错误","无需主持帮助；不是实际观察","示例任务理解较顺畅，不能据此证明真实可用性"
"SYNTHETIC 虚构示例","V006","T5 课表校对与匹配","未尝试",,"0","0","无示例严重错误","虚拟用户未选择课表任务；没有执行记录","个人可选择不导入课表"
"SYNTHETIC 虚构示例","V007","T1 按日期找物品","独立完成","164","1","1","无示例严重错误","无需主持帮助；不是实际观察","示例任务理解较顺畅，不能据此证明真实可用性"
"SYNTHETIC 虚构示例","V007","T2 求物与推荐","独立完成","189","1","1","无示例严重错误","无需主持帮助；不是实际观察","示例任务理解较顺畅，不能据此证明真实可用性"
"SYNTHETIC 虚构示例","V007","T3 费用与归还","独立完成","129","1","1","无示例严重错误","无需主持帮助；不是实际观察","示例任务理解较顺畅，不能据此证明真实可用性"
"SYNTHETIC 虚构示例","V007","T4 不开GPS约地点","独立完成","67","1","1","无示例严重错误","无需主持帮助；不是实际观察","示例任务理解较顺畅，不能据此证明真实可用性"
"SYNTHETIC 虚构示例","V007","T5 课表校对与匹配","协助完成","434","1","0","无示例严重错误","示例主持提示后完成；不是独立完成","需要再次确认按钮含义和下一步"
"SYNTHETIC 虚构示例","V008","T1 按日期找物品","协助完成","221","1","0","无示例严重错误","示例主持提示后完成；不是独立完成","需要再次确认按钮含义和下一步"
"SYNTHETIC 虚构示例","V008","T2 求物与推荐","独立完成","145","1","1","无示例严重错误","无需主持帮助；不是实际观察","示例任务理解较顺畅，不能据此证明真实可用性"
"SYNTHETIC 虚构示例","V008","T3 费用与归还","独立完成","108","1","1","无示例严重错误","无需主持帮助；不是实际观察","示例任务理解较顺畅，不能据此证明真实可用性"
"SYNTHETIC 虚构示例","V008","T4 不开GPS约地点","独立完成","134","1","1","无示例严重错误","无需主持帮助；不是实际观察","示例任务理解较顺畅，不能据此证明真实可用性"
"SYNTHETIC 虚构示例","V008","T5 课表校对与匹配","独立完成","281","1","1","无示例严重错误","无需主持帮助；不是实际观察","示例任务理解较顺畅，不能据此证明真实可用性"
"SYNTHETIC 虚构示例","V009","T1 按日期找物品","协助完成","208","1","0","无示例严重错误","示例主持提示后完成；不是独立完成","需要再次确认按钮含义和下一步"
"SYNTHETIC 虚构示例","V009","T2 求物与推荐","独立完成","227","1","1","无示例严重错误","无需主持帮助；不是实际观察","示例任务理解较顺畅，不能据此证明真实可用性"
"SYNTHETIC 虚构示例","V009","T3 费用与归还","未完成","300","0","0","示例严重错误：费用概念混淆","示例停止条件：达到300秒任务上限，仍未完成","把押金算成租金或平台收入；没看清归还条件"
"SYNTHETIC 虚构示例","V009","T4 不开GPS约地点","独立完成","103","1","1","无示例严重错误","无需主持帮助；不是实际观察","示例任务理解较顺畅，不能据此证明真实可用性"
"SYNTHETIC 虚构示例","V009","T5 课表校对与匹配","独立完成","298","1","1","无示例严重错误","无需主持帮助；不是实际观察","示例任务理解较顺畅，不能据此证明真实可用性"
"SYNTHETIC 虚构示例","V010","T1 按日期找物品","独立完成","149","1","1","无示例严重错误","无需主持帮助；不是实际观察","示例任务理解较顺畅，不能据此证明真实可用性"
"SYNTHETIC 虚构示例","V010","T2 求物与推荐","未完成","360","0","0","示例阻塞：任务无法继续","示例停止条件：达到360秒任务上限，仍未完成","不清楚推荐还需确认；没有供应时不知下一步"
"SYNTHETIC 虚构示例","V010","T3 费用与归还","独立完成","91","1","1","无示例严重错误","无需主持帮助；不是实际观察","示例任务理解较顺畅，不能据此证明真实可用性"
"SYNTHETIC 虚构示例","V010","T4 不开GPS约地点","独立完成","102","1","1","无示例严重错误","无需主持帮助；不是实际观察","示例任务理解较顺畅，不能据此证明真实可用性"
"SYNTHETIC 虚构示例","V010","T5 课表校对与匹配","未尝试",,"0","0","无示例严重错误","虚拟用户未选择课表任务；没有执行记录","个人可选择不导入课表"
"SYNTHETIC 虚构示例","V011","T1 按日期找物品","独立完成","137","1","1","无示例严重错误","无需主持帮助；不是实际观察","示例任务理解较顺畅，不能据此证明真实可用性"
"SYNTHETIC 虚构示例","V011","T2 求物与推荐","独立完成","195","1","1","无示例严重错误","无需主持帮助；不是实际观察","示例任务理解较顺畅，不能据此证明真实可用性"
"SYNTHETIC 虚构示例","V011","T3 费用与归还","独立完成","159","1","1","无示例严重错误","无需主持帮助；不是实际观察","示例任务理解较顺畅，不能据此证明真实可用性"
"SYNTHETIC 虚构示例","V011","T4 不开GPS约地点","独立完成","76","1","1","无示例严重错误","无需主持帮助；不是实际观察","示例任务理解较顺畅，不能据此证明真实可用性"
"SYNTHETIC 虚构示例","V011","T5 课表校对与匹配","未尝试",,"0","0","无示例严重错误","虚拟用户未选择课表任务；没有执行记录","个人可选择不导入课表"
"SYNTHETIC 虚构示例","V012","T1 按日期找物品","独立完成","143","1","1","无示例严重错误","无需主持帮助；不是实际观察","示例任务理解较顺畅，不能据此证明真实可用性"
"SYNTHETIC 虚构示例","V012","T2 求物与推荐","独立完成","157","1","1","无示例严重错误","无需主持帮助；不是实际观察","示例任务理解较顺畅，不能据此证明真实可用性"
"SYNTHETIC 虚构示例","V012","T3 费用与归还","独立完成","103","1","1","无示例严重错误","无需主持帮助；不是实际观察","示例任务理解较顺畅，不能据此证明真实可用性"
"SYNTHETIC 虚构示例","V012","T4 不开GPS约地点","独立完成","80","1","1","无示例严重错误","无需主持帮助；不是实际观察","示例任务理解较顺畅，不能据此证明真实可用性"
"SYNTHETIC 虚构示例","V012","T5 课表校对与匹配","协助完成","418","1","0","无示例严重错误","示例主持提示后完成；不是独立完成","需要再次确认按钮含义和下一步"
"SYNTHETIC 虚构示例","V013","T1 按日期找物品","独立完成","142","1","1","无示例严重错误","无需主持帮助；不是实际观察","示例任务理解较顺畅，不能据此证明真实可用性"
"SYNTHETIC 虚构示例","V013","T2 求物与推荐","独立完成","160","1","1","无示例严重错误","无需主持帮助；不是实际观察","示例任务理解较顺畅，不能据此证明真实可用性"
"SYNTHETIC 虚构示例","V013","T3 费用与归还","独立完成","75","1","1","无示例严重错误","无需主持帮助；不是实际观察","示例任务理解较顺畅，不能据此证明真实可用性"
"SYNTHETIC 虚构示例","V013","T4 不开GPS约地点","独立完成","132","1","1","无示例严重错误","无需主持帮助；不是实际观察","示例任务理解较顺畅，不能据此证明真实可用性"
"SYNTHETIC 虚构示例","V013","T5 课表校对与匹配","独立完成","335","1","1","无示例严重错误","无需主持帮助；不是实际观察","示例任务理解较顺畅，不能据此证明真实可用性"
"SYNTHETIC 虚构示例","V014","T1 按日期找物品","独立完成","165","1","1","无示例严重错误","无需主持帮助；不是实际观察","示例任务理解较顺畅，不能据此证明真实可用性"
"SYNTHETIC 虚构示例","V014","T2 求物与推荐","独立完成","143","1","1","无示例严重错误","无需主持帮助；不是实际观察","示例任务理解较顺畅，不能据此证明真实可用性"
"SYNTHETIC 虚构示例","V014","T3 费用与归还","独立完成","92","1","1","无示例严重错误","无需主持帮助；不是实际观察","示例任务理解较顺畅，不能据此证明真实可用性"
"SYNTHETIC 虚构示例","V014","T4 不开GPS约地点","协助完成","143","1","0","无示例严重错误","示例主持提示后完成；不是独立完成","需要再次确认按钮含义和下一步"
"SYNTHETIC 虚构示例","V014","T5 课表校对与匹配","独立完成","294","1","1","无示例严重错误","无需主持帮助；不是实际观察","示例任务理解较顺畅，不能据此证明真实可用性"
"SYNTHETIC 虚构示例","V015","T1 按日期找物品","独立完成","111","1","1","无示例严重错误","无需主持帮助；不是实际观察","示例任务理解较顺畅，不能据此证明真实可用性"
"SYNTHETIC 虚构示例","V015","T2 求物与推荐","协助完成","246","1","0","无示例严重错误","示例主持提示后完成；不是独立完成","需要再次确认按钮含义和下一步"
"SYNTHETIC 虚构示例","V015","T3 费用与归还","独立完成","116","1","1","无示例严重错误","无需主持帮助；不是实际观察","示例任务理解较顺畅，不能据此证明真实可用性"
"SYNTHETIC 虚构示例","V015","T4 不开GPS约地点","独立完成","115","1","1","无示例严重错误","无需主持帮助；不是实际观察","示例任务理解较顺畅，不能据此证明真实可用性"
"SYNTHETIC 虚构示例","V015","T5 课表校对与匹配","独立完成","285","1","1","无示例严重错误","无需主持帮助；不是实际观察","示例任务理解较顺畅，不能据此证明真实可用性"
"SYNTHETIC 虚构示例","V016","T1 按日期找物品","独立完成","174","1","1","无示例严重错误","无需主持帮助；不是实际观察","示例任务理解较顺畅，不能据此证明真实可用性"
"SYNTHETIC 虚构示例","V016","T2 求物与推荐","协助完成","262","1","0","无示例严重错误","示例主持提示后完成；不是独立完成","需要再次确认按钮含义和下一步"
"SYNTHETIC 虚构示例","V016","T3 费用与归还","独立完成","90","1","1","无示例严重错误","无需主持帮助；不是实际观察","示例任务理解较顺畅，不能据此证明真实可用性"
"SYNTHETIC 虚构示例","V016","T4 不开GPS约地点","独立完成","110","1","1","无示例严重错误","无需主持帮助；不是实际观察","示例任务理解较顺畅，不能据此证明真实可用性"
"SYNTHETIC 虚构示例","V016","T5 课表校对与匹配","未完成","900","0","0","示例阻塞：任务无法继续","示例停止条件：达到900秒任务上限，仍未完成","星期或周次校对遗漏；把共同空档当成确定约定"
"SYNTHETIC 虚构示例","V017","T1 按日期找物品","独立完成","101","1","1","无示例严重错误","无需主持帮助；不是实际观察","示例任务理解较顺畅，不能据此证明真实可用性"
"SYNTHETIC 虚构示例","V017","T2 求物与推荐","独立完成","141","1","1","无示例严重错误","无需主持帮助；不是实际观察","示例任务理解较顺畅，不能据此证明真实可用性"
"SYNTHETIC 虚构示例","V017","T3 费用与归还","未完成","300","0","0","示例严重错误：费用概念混淆","示例停止条件：达到300秒任务上限，仍未完成","把押金算成租金或平台收入；没看清归还条件"
"SYNTHETIC 虚构示例","V017","T4 不开GPS约地点","独立完成","66","1","1","无示例严重错误","无需主持帮助；不是实际观察","示例任务理解较顺畅，不能据此证明真实可用性"
"SYNTHETIC 虚构示例","V017","T5 课表校对与匹配","独立完成","276","1","1","无示例严重错误","无需主持帮助；不是实际观察","示例任务理解较顺畅，不能据此证明真实可用性"
"SYNTHETIC 虚构示例","V018","T1 按日期找物品","独立完成","115","1","1","无示例严重错误","无需主持帮助；不是实际观察","示例任务理解较顺畅，不能据此证明真实可用性"
"SYNTHETIC 虚构示例","V018","T2 求物与推荐","协助完成","293","1","0","无示例严重错误","示例主持提示后完成；不是独立完成","需要再次确认按钮含义和下一步"
"SYNTHETIC 虚构示例","V018","T3 费用与归还","独立完成","128","1","1","无示例严重错误","无需主持帮助；不是实际观察","示例任务理解较顺畅，不能据此证明真实可用性"
"SYNTHETIC 虚构示例","V018","T4 不开GPS约地点","独立完成","133","1","1","无示例严重错误","无需主持帮助；不是实际观察","示例任务理解较顺畅，不能据此证明真实可用性"
"SYNTHETIC 虚构示例","V018","T5 课表校对与匹配","独立完成","316","1","1","无示例严重错误","无需主持帮助；不是实际观察","示例任务理解较顺畅，不能据此证明真实可用性"
"SYNTHETIC 虚构示例","V019","T1 按日期找物品","协助完成","211","1","0","无示例严重错误","示例主持提示后完成；不是独立完成","需要再次确认按钮含义和下一步"
"SYNTHETIC 虚构示例","V019","T2 求物与推荐","独立完成","140","1","1","无示例严重错误","无需主持帮助；不是实际观察","示例任务理解较顺畅，不能据此证明真实可用性"
"SYNTHETIC 虚构示例","V019","T3 费用与归还","独立完成","102","1","1","无示例严重错误","无需主持帮助；不是实际观察","示例任务理解较顺畅，不能据此证明真实可用性"
"SYNTHETIC 虚构示例","V019","T4 不开GPS约地点","独立完成","56","1","1","无示例严重错误","无需主持帮助；不是实际观察","示例任务理解较顺畅，不能据此证明真实可用性"
"SYNTHETIC 虚构示例","V019","T5 课表校对与匹配","独立完成","297","1","1","无示例严重错误","无需主持帮助；不是实际观察","示例任务理解较顺畅，不能据此证明真实可用性"
"SYNTHETIC 虚构示例","V020","T1 按日期找物品","协助完成","244","1","0","无示例严重错误","示例主持提示后完成；不是独立完成","需要再次确认按钮含义和下一步"
"SYNTHETIC 虚构示例","V020","T2 求物与推荐","独立完成","166","1","1","无示例严重错误","无需主持帮助；不是实际观察","示例任务理解较顺畅，不能据此证明真实可用性"
"SYNTHETIC 虚构示例","V020","T3 费用与归还","独立完成","153","1","1","无示例严重错误","无需主持帮助；不是实际观察","示例任务理解较顺畅，不能据此证明真实可用性"
"SYNTHETIC 虚构示例","V020","T4 不开GPS约地点","未完成","240","0","0","示例阻塞：任务无法继续","示例停止条件：达到240秒任务上限，仍未完成","以为必须开启定位；地点文字过于笼统"
"SYNTHETIC 虚构示例","V020","T5 课表校对与匹配","未完成","900","0","0","示例阻塞：任务无法继续","示例停止条件：达到900秒任务上限，仍未完成","星期或周次校对遗漏；把共同空档当成确定约定"
"SYNTHETIC 虚构示例","V021","T1 按日期找物品","独立完成","112","1","1","无示例严重错误","无需主持帮助；不是实际观察","示例任务理解较顺畅，不能据此证明真实可用性"
"SYNTHETIC 虚构示例","V021","T2 求物与推荐","独立完成","195","1","1","无示例严重错误","无需主持帮助；不是实际观察","示例任务理解较顺畅，不能据此证明真实可用性"
"SYNTHETIC 虚构示例","V021","T3 费用与归还","独立完成","105","1","1","无示例严重错误","无需主持帮助；不是实际观察","示例任务理解较顺畅，不能据此证明真实可用性"
"SYNTHETIC 虚构示例","V021","T4 不开GPS约地点","独立完成","121","1","1","无示例严重错误","无需主持帮助；不是实际观察","示例任务理解较顺畅，不能据此证明真实可用性"
"SYNTHETIC 虚构示例","V021","T5 课表校对与匹配","未尝试",,"0","0","无示例严重错误","虚拟用户未选择课表任务；没有执行记录","个人可选择不导入课表"
"SYNTHETIC 虚构示例","V022","T1 按日期找物品","独立完成","162","1","1","无示例严重错误","无需主持帮助；不是实际观察","示例任务理解较顺畅，不能据此证明真实可用性"
"SYNTHETIC 虚构示例","V022","T2 求物与推荐","未完成","360","0","0","示例阻塞：任务无法继续","示例停止条件：达到360秒任务上限，仍未完成","不清楚推荐还需确认；没有供应时不知下一步"
"SYNTHETIC 虚构示例","V022","T3 费用与归还","独立完成","97","1","1","无示例严重错误","无需主持帮助；不是实际观察","示例任务理解较顺畅，不能据此证明真实可用性"
"SYNTHETIC 虚构示例","V022","T4 不开GPS约地点","独立完成","56","1","1","无示例严重错误","无需主持帮助；不是实际观察","示例任务理解较顺畅，不能据此证明真实可用性"
"SYNTHETIC 虚构示例","V022","T5 课表校对与匹配","未尝试",,"0","0","无示例严重错误","虚拟用户未选择课表任务；没有执行记录","个人可选择不导入课表"
"SYNTHETIC 虚构示例","V023","T1 按日期找物品","独立完成","92","1","1","无示例严重错误","无需主持帮助；不是实际观察","示例任务理解较顺畅，不能据此证明真实可用性"
"SYNTHETIC 虚构示例","V023","T2 求物与推荐","未完成","360","0","0","示例阻塞：任务无法继续","示例停止条件：达到360秒任务上限，仍未完成","不清楚推荐还需确认；没有供应时不知下一步"
"SYNTHETIC 虚构示例","V023","T3 费用与归还","独立完成","96","1","1","无示例严重错误","无需主持帮助；不是实际观察","示例任务理解较顺畅，不能据此证明真实可用性"
"SYNTHETIC 虚构示例","V023","T4 不开GPS约地点","独立完成","92","1","1","无示例严重错误","无需主持帮助；不是实际观察","示例任务理解较顺畅，不能据此证明真实可用性"
"SYNTHETIC 虚构示例","V023","T5 课表校对与匹配","未尝试",,"0","0","无示例严重错误","虚拟用户未选择课表任务；没有执行记录","个人可选择不导入课表"
"SYNTHETIC 虚构示例","V024","T1 按日期找物品","独立完成","150","1","1","无示例严重错误","无需主持帮助；不是实际观察","示例任务理解较顺畅，不能据此证明真实可用性"
"SYNTHETIC 虚构示例","V024","T2 求物与推荐","独立完成","205","1","1","无示例严重错误","无需主持帮助；不是实际观察","示例任务理解较顺畅，不能据此证明真实可用性"
"SYNTHETIC 虚构示例","V024","T3 费用与归还","独立完成","102","1","1","无示例严重错误","无需主持帮助；不是实际观察","示例任务理解较顺畅，不能据此证明真实可用性"
"SYNTHETIC 虚构示例","V024","T4 不开GPS约地点","独立完成","134","1","1","无示例严重错误","无需主持帮助；不是实际观察","示例任务理解较顺畅，不能据此证明真实可用性"
"SYNTHETIC 虚构示例","V024","T5 课表校对与匹配","协助完成","367","1","0","无示例严重错误","示例主持提示后完成；不是独立完成","需要再次确认按钮含义和下一步"
"SYNTHETIC 虚构示例","V025","T1 按日期找物品","独立完成","103","1","1","无示例严重错误","无需主持帮助；不是实际观察","示例任务理解较顺畅，不能据此证明真实可用性"
"SYNTHETIC 虚构示例","V025","T2 求物与推荐","独立完成","174","1","1","无示例严重错误","无需主持帮助；不是实际观察","示例任务理解较顺畅，不能据此证明真实可用性"
"SYNTHETIC 虚构示例","V025","T3 费用与归还","独立完成","99","1","1","无示例严重错误","无需主持帮助；不是实际观察","示例任务理解较顺畅，不能据此证明真实可用性"
"SYNTHETIC 虚构示例","V025","T4 不开GPS约地点","协助完成","164","1","0","无示例严重错误","示例主持提示后完成；不是独立完成","需要再次确认按钮含义和下一步"
"SYNTHETIC 虚构示例","V025","T5 课表校对与匹配","独立完成","296","1","1","无示例严重错误","无需主持帮助；不是实际观察","示例任务理解较顺畅，不能据此证明真实可用性"
"SYNTHETIC 虚构示例","V026","T1 按日期找物品","独立完成","130","1","1","无示例严重错误","无需主持帮助；不是实际观察","示例任务理解较顺畅，不能据此证明真实可用性"
"SYNTHETIC 虚构示例","V026","T2 求物与推荐","独立完成","141","1","1","无示例严重错误","无需主持帮助；不是实际观察","示例任务理解较顺畅，不能据此证明真实可用性"
"SYNTHETIC 虚构示例","V026","T3 费用与归还","独立完成","113","1","1","无示例严重错误","无需主持帮助；不是实际观察","示例任务理解较顺畅，不能据此证明真实可用性"
"SYNTHETIC 虚构示例","V026","T4 不开GPS约地点","独立完成","51","1","1","无示例严重错误","无需主持帮助；不是实际观察","示例任务理解较顺畅，不能据此证明真实可用性"
"SYNTHETIC 虚构示例","V026","T5 课表校对与匹配","独立完成","287","1","1","无示例严重错误","无需主持帮助；不是实际观察","示例任务理解较顺畅，不能据此证明真实可用性"
"SYNTHETIC 虚构示例","V027","T1 按日期找物品","未完成","300","0","0","示例阻塞：任务无法继续","示例停止条件：达到300秒任务上限，仍未完成","把筛选结果误认为已经预约；忽略物品可用日期"
"SYNTHETIC 虚构示例","V027","T2 求物与推荐","独立完成","182","1","1","无示例严重错误","无需主持帮助；不是实际观察","示例任务理解较顺畅，不能据此证明真实可用性"
"SYNTHETIC 虚构示例","V027","T3 费用与归还","独立完成","81","1","1","无示例严重错误","无需主持帮助；不是实际观察","示例任务理解较顺畅，不能据此证明真实可用性"
"SYNTHETIC 虚构示例","V027","T4 不开GPS约地点","独立完成","138","1","1","无示例严重错误","无需主持帮助；不是实际观察","示例任务理解较顺畅，不能据此证明真实可用性"
"SYNTHETIC 虚构示例","V027","T5 课表校对与匹配","独立完成","298","1","1","无示例严重错误","无需主持帮助；不是实际观察","示例任务理解较顺畅，不能据此证明真实可用性"
"SYNTHETIC 虚构示例","V028","T1 按日期找物品","独立完成","177","1","1","无示例严重错误","无需主持帮助；不是实际观察","示例任务理解较顺畅，不能据此证明真实可用性"
"SYNTHETIC 虚构示例","V028","T2 求物与推荐","独立完成","194","1","1","无示例严重错误","无需主持帮助；不是实际观察","示例任务理解较顺畅，不能据此证明真实可用性"
"SYNTHETIC 虚构示例","V028","T3 费用与归还","独立完成","152","1","1","无示例严重错误","无需主持帮助；不是实际观察","示例任务理解较顺畅，不能据此证明真实可用性"
"SYNTHETIC 虚构示例","V028","T4 不开GPS约地点","独立完成","123","1","1","无示例严重错误","无需主持帮助；不是实际观察","示例任务理解较顺畅，不能据此证明真实可用性"
"SYNTHETIC 虚构示例","V028","T5 课表校对与匹配","独立完成","276","1","1","无示例严重错误","无需主持帮助；不是实际观察","示例任务理解较顺畅，不能据此证明真实可用性"
"SYNTHETIC 虚构示例","V029","T1 按日期找物品","未完成","300","0","0","示例阻塞：任务无法继续","示例停止条件：达到300秒任务上限，仍未完成","把筛选结果误认为已经预约；忽略物品可用日期"
"SYNTHETIC 虚构示例","V029","T2 求物与推荐","协助完成","258","1","0","无示例严重错误","示例主持提示后完成；不是独立完成","需要再次确认按钮含义和下一步"
"SYNTHETIC 虚构示例","V029","T3 费用与归还","协助完成","245","1","0","无示例严重错误","示例主持提示后完成；不是独立完成","需要再次确认按钮含义和下一步"
"SYNTHETIC 虚构示例","V029","T4 不开GPS约地点","独立完成","83","1","1","无示例严重错误","无需主持帮助；不是实际观察","示例任务理解较顺畅，不能据此证明真实可用性"
"SYNTHETIC 虚构示例","V029","T5 课表校对与匹配","独立完成","334","1","1","无示例严重错误","无需主持帮助；不是实际观察","示例任务理解较顺畅，不能据此证明真实可用性"
"SYNTHETIC 虚构示例","V030","T1 按日期找物品","协助完成","221","1","0","无示例严重错误","示例主持提示后完成；不是独立完成","需要再次确认按钮含义和下一步"
"SYNTHETIC 虚构示例","V030","T2 求物与推荐","独立完成","163","1","1","无示例严重错误","无需主持帮助；不是实际观察","示例任务理解较顺畅，不能据此证明真实可用性"
"SYNTHETIC 虚构示例","V030","T3 费用与归还","独立完成","144","1","1","无示例严重错误","无需主持帮助；不是实际观察","示例任务理解较顺畅，不能据此证明真实可用性"
"SYNTHETIC 虚构示例","V030","T4 不开GPS约地点","独立完成","102","1","1","无示例严重错误","无需主持帮助；不是实际观察","示例任务理解较顺畅，不能据此证明真实可用性"
"SYNTHETIC 虚构示例","V030","T5 课表校对与匹配","协助完成","371","1","0","无示例严重错误","示例主持提示后完成；不是独立完成","需要再次确认按钮含义和下一步"
"SYNTHETIC 虚构示例","V031","T1 按日期找物品","独立完成","118","1","1","无示例严重错误","无需主持帮助；不是实际观察","示例任务理解较顺畅，不能据此证明真实可用性"
"SYNTHETIC 虚构示例","V031","T2 求物与推荐","独立完成","201","1","1","无示例严重错误","无需主持帮助；不是实际观察","示例任务理解较顺畅，不能据此证明真实可用性"
"SYNTHETIC 虚构示例","V031","T3 费用与归还","独立完成","122","1","1","无示例严重错误","无需主持帮助；不是实际观察","示例任务理解较顺畅，不能据此证明真实可用性"
"SYNTHETIC 虚构示例","V031","T4 不开GPS约地点","独立完成","125","1","1","无示例严重错误","无需主持帮助；不是实际观察","示例任务理解较顺畅，不能据此证明真实可用性"
"SYNTHETIC 虚构示例","V031","T5 课表校对与匹配","协助完成","390","1","0","无示例严重错误","示例主持提示后完成；不是独立完成","需要再次确认按钮含义和下一步"
"SYNTHETIC 虚构示例","V032","T1 按日期找物品","未完成","300","0","0","示例阻塞：任务无法继续","示例停止条件：达到300秒任务上限，仍未完成","把筛选结果误认为已经预约；忽略物品可用日期"
"SYNTHETIC 虚构示例","V032","T2 求物与推荐","独立完成","162","1","1","无示例严重错误","无需主持帮助；不是实际观察","示例任务理解较顺畅，不能据此证明真实可用性"
"SYNTHETIC 虚构示例","V032","T3 费用与归还","独立完成","146","1","1","无示例严重错误","无需主持帮助；不是实际观察","示例任务理解较顺畅，不能据此证明真实可用性"
"SYNTHETIC 虚构示例","V032","T4 不开GPS约地点","独立完成","88","1","1","无示例严重错误","无需主持帮助；不是实际观察","示例任务理解较顺畅，不能据此证明真实可用性"
"SYNTHETIC 虚构示例","V032","T5 课表校对与匹配","协助完成","368","1","0","无示例严重错误","示例主持提示后完成；不是独立完成","需要再次确认按钮含义和下一步"
"SYNTHETIC 虚构示例","V033","T1 按日期找物品","未完成","300","0","0","示例阻塞：任务无法继续","示例停止条件：达到300秒任务上限，仍未完成","把筛选结果误认为已经预约；忽略物品可用日期"
"SYNTHETIC 虚构示例","V033","T2 求物与推荐","独立完成","201","1","1","无示例严重错误","无需主持帮助；不是实际观察","示例任务理解较顺畅，不能据此证明真实可用性"
"SYNTHETIC 虚构示例","V033","T3 费用与归还","独立完成","152","1","1","无示例严重错误","无需主持帮助；不是实际观察","示例任务理解较顺畅，不能据此证明真实可用性"
"SYNTHETIC 虚构示例","V033","T4 不开GPS约地点","独立完成","67","1","1","无示例严重错误","无需主持帮助；不是实际观察","示例任务理解较顺畅，不能据此证明真实可用性"
"SYNTHETIC 虚构示例","V033","T5 课表校对与匹配","未尝试",,"0","0","无示例严重错误","虚拟用户未选择课表任务；没有执行记录","个人可选择不导入课表"
"SYNTHETIC 虚构示例","V034","T1 按日期找物品","独立完成","176","1","1","无示例严重错误","无需主持帮助；不是实际观察","示例任务理解较顺畅，不能据此证明真实可用性"
"SYNTHETIC 虚构示例","V034","T2 求物与推荐","未完成","360","0","0","示例阻塞：任务无法继续","示例停止条件：达到360秒任务上限，仍未完成","不清楚推荐还需确认；没有供应时不知下一步"
"SYNTHETIC 虚构示例","V034","T3 费用与归还","独立完成","148","1","1","无示例严重错误","无需主持帮助；不是实际观察","示例任务理解较顺畅，不能据此证明真实可用性"
"SYNTHETIC 虚构示例","V034","T4 不开GPS约地点","独立完成","57","1","1","无示例严重错误","无需主持帮助；不是实际观察","示例任务理解较顺畅，不能据此证明真实可用性"
"SYNTHETIC 虚构示例","V034","T5 课表校对与匹配","未尝试",,"0","0","无示例严重错误","虚拟用户未选择课表任务；没有执行记录","个人可选择不导入课表"
"SYNTHETIC 虚构示例","V035","T1 按日期找物品","独立完成","114","1","1","无示例严重错误","无需主持帮助；不是实际观察","示例任务理解较顺畅，不能据此证明真实可用性"
"SYNTHETIC 虚构示例","V035","T2 求物与推荐","协助完成","238","1","0","无示例严重错误","示例主持提示后完成；不是独立完成","需要再次确认按钮含义和下一步"
"SYNTHETIC 虚构示例","V035","T3 费用与归还","独立完成","112","1","1","无示例严重错误","无需主持帮助；不是实际观察","示例任务理解较顺畅，不能据此证明真实可用性"
"SYNTHETIC 虚构示例","V035","T4 不开GPS约地点","独立完成","57","1","1","无示例严重错误","无需主持帮助；不是实际观察","示例任务理解较顺畅，不能据此证明真实可用性"
"SYNTHETIC 虚构示例","V035","T5 课表校对与匹配","未尝试",,"0","0","无示例严重错误","虚拟用户未选择课表任务；没有执行记录","个人可选择不导入课表"
"SYNTHETIC 虚构示例","V036","T1 按日期找物品","协助完成","223","1","0","无示例严重错误","示例主持提示后完成；不是独立完成","需要再次确认按钮含义和下一步"
"SYNTHETIC 虚构示例","V036","T2 求物与推荐","协助完成","241","1","0","无示例严重错误","示例主持提示后完成；不是独立完成","需要再次确认按钮含义和下一步"
"SYNTHETIC 虚构示例","V036","T3 费用与归还","独立完成","154","1","1","无示例严重错误","无需主持帮助；不是实际观察","示例任务理解较顺畅，不能据此证明真实可用性"
"SYNTHETIC 虚构示例","V036","T4 不开GPS约地点","独立完成","132","1","1","无示例严重错误","无需主持帮助；不是实际观察","示例任务理解较顺畅，不能据此证明真实可用性"
"SYNTHETIC 虚构示例","V036","T5 课表校对与匹配","未完成","900","0","0","示例阻塞：任务无法继续","示例停止条件：达到900秒任务上限，仍未完成","星期或周次校对遗漏；把共同空档当成确定约定"
"SYNTHETIC 虚构示例","V037","T1 按日期找物品","协助完成","251","1","0","无示例严重错误","示例主持提示后完成；不是独立完成","需要再次确认按钮含义和下一步"
"SYNTHETIC 虚构示例","V037","T2 求物与推荐","协助完成","294","1","0","无示例严重错误","示例主持提示后完成；不是独立完成","需要再次确认按钮含义和下一步"
"SYNTHETIC 虚构示例","V037","T3 费用与归还","未完成","300","0","0","示例严重错误：费用概念混淆","示例停止条件：达到300秒任务上限，仍未完成","把押金算成租金或平台收入；没看清归还条件"
"SYNTHETIC 虚构示例","V037","T4 不开GPS约地点","独立完成","125","1","1","无示例严重错误","无需主持帮助；不是实际观察","示例任务理解较顺畅，不能据此证明真实可用性"
"SYNTHETIC 虚构示例","V037","T5 课表校对与匹配","未尝试",,"0","0","无示例严重错误","虚拟用户未选择课表任务；没有执行记录","个人可选择不导入课表"
"SYNTHETIC 虚构示例","V038","T1 按日期找物品","独立完成","150","1","1","无示例严重错误","无需主持帮助；不是实际观察","示例任务理解较顺畅，不能据此证明真实可用性"
"SYNTHETIC 虚构示例","V038","T2 求物与推荐","未完成","360","0","0","示例阻塞：任务无法继续","示例停止条件：达到360秒任务上限，仍未完成","不清楚推荐还需确认；没有供应时不知下一步"
"SYNTHETIC 虚构示例","V038","T3 费用与归还","独立完成","144","1","1","无示例严重错误","无需主持帮助；不是实际观察","示例任务理解较顺畅，不能据此证明真实可用性"
"SYNTHETIC 虚构示例","V038","T4 不开GPS约地点","独立完成","87","1","1","无示例严重错误","无需主持帮助；不是实际观察","示例任务理解较顺畅，不能据此证明真实可用性"
"SYNTHETIC 虚构示例","V038","T5 课表校对与匹配","协助完成","357","1","0","无示例严重错误","示例主持提示后完成；不是独立完成","需要再次确认按钮含义和下一步"
"SYNTHETIC 虚构示例","V039","T1 按日期找物品","独立完成","113","1","1","无示例严重错误","无需主持帮助；不是实际观察","示例任务理解较顺畅，不能据此证明真实可用性"
"SYNTHETIC 虚构示例","V039","T2 求物与推荐","协助完成","264","1","0","无示例严重错误","示例主持提示后完成；不是独立完成","需要再次确认按钮含义和下一步"
"SYNTHETIC 虚构示例","V039","T3 费用与归还","独立完成","127","1","1","无示例严重错误","无需主持帮助；不是实际观察","示例任务理解较顺畅，不能据此证明真实可用性"
"SYNTHETIC 虚构示例","V039","T4 不开GPS约地点","独立完成","83","1","1","无示例严重错误","无需主持帮助；不是实际观察","示例任务理解较顺畅，不能据此证明真实可用性"
"SYNTHETIC 虚构示例","V039","T5 课表校对与匹配","未尝试",,"0","0","无示例严重错误","虚拟用户未选择课表任务；没有执行记录","个人可选择不导入课表"
"SYNTHETIC 虚构示例","V040","T1 按日期找物品","独立完成","92","1","1","无示例严重错误","无需主持帮助；不是实际观察","示例任务理解较顺畅，不能据此证明真实可用性"
"SYNTHETIC 虚构示例","V040","T2 求物与推荐","独立完成","218","1","1","无示例严重错误","无需主持帮助；不是实际观察","示例任务理解较顺畅，不能据此证明真实可用性"
"SYNTHETIC 虚构示例","V040","T3 费用与归还","协助完成","222","1","0","无示例严重错误","示例主持提示后完成；不是独立完成","需要再次确认按钮含义和下一步"
"SYNTHETIC 虚构示例","V040","T4 不开GPS约地点","独立完成","86","1","1","无示例严重错误","无需主持帮助；不是实际观察","示例任务理解较顺畅，不能据此证明真实可用性"
"SYNTHETIC 虚构示例","V040","T5 课表校对与匹配","协助完成","390","1","0","无示例严重错误","示例主持提示后完成；不是独立完成","需要再次确认按钮含义和下一步"
"SYNTHETIC 虚构示例","V041","T1 按日期找物品","独立完成","122","1","1","无示例严重错误","无需主持帮助；不是实际观察","示例任务理解较顺畅，不能据此证明真实可用性"
"SYNTHETIC 虚构示例","V041","T2 求物与推荐","未完成","360","0","0","示例阻塞：任务无法继续","示例停止条件：达到360秒任务上限，仍未完成","不清楚推荐还需确认；没有供应时不知下一步"
"SYNTHETIC 虚构示例","V041","T3 费用与归还","独立完成","116","1","1","无示例严重错误","无需主持帮助；不是实际观察","示例任务理解较顺畅，不能据此证明真实可用性"
"SYNTHETIC 虚构示例","V041","T4 不开GPS约地点","未完成","240","0","0","示例阻塞：任务无法继续","示例停止条件：达到240秒任务上限，仍未完成","以为必须开启定位；地点文字过于笼统"
"SYNTHETIC 虚构示例","V041","T5 课表校对与匹配","独立完成","301","1","1","无示例严重错误","无需主持帮助；不是实际观察","示例任务理解较顺畅，不能据此证明真实可用性"
"SYNTHETIC 虚构示例","V042","T1 按日期找物品","协助完成","185","1","0","无示例严重错误","示例主持提示后完成；不是独立完成","需要再次确认按钮含义和下一步"
"SYNTHETIC 虚构示例","V042","T2 求物与推荐","协助完成","264","1","0","无示例严重错误","示例主持提示后完成；不是独立完成","需要再次确认按钮含义和下一步"
"SYNTHETIC 虚构示例","V042","T3 费用与归还","独立完成","164","1","1","无示例严重错误","无需主持帮助；不是实际观察","示例任务理解较顺畅，不能据此证明真实可用性"
"SYNTHETIC 虚构示例","V042","T4 不开GPS约地点","独立完成","91","1","1","无示例严重错误","无需主持帮助；不是实际观察","示例任务理解较顺畅，不能据此证明真实可用性"
"SYNTHETIC 虚构示例","V042","T5 课表校对与匹配","独立完成","262","1","1","无示例严重错误","无需主持帮助；不是实际观察","示例任务理解较顺畅，不能据此证明真实可用性"
"SYNTHETIC 虚构示例","V043","T1 按日期找物品","独立完成","128","1","1","无示例严重错误","无需主持帮助；不是实际观察","示例任务理解较顺畅，不能据此证明真实可用性"
"SYNTHETIC 虚构示例","V043","T2 求物与推荐","未完成","360","0","0","示例阻塞：任务无法继续","示例停止条件：达到360秒任务上限，仍未完成","不清楚推荐还需确认；没有供应时不知下一步"
"SYNTHETIC 虚构示例","V043","T3 费用与归还","独立完成","162","1","1","无示例严重错误","无需主持帮助；不是实际观察","示例任务理解较顺畅，不能据此证明真实可用性"
"SYNTHETIC 虚构示例","V043","T4 不开GPS约地点","独立完成","70","1","1","无示例严重错误","无需主持帮助；不是实际观察","示例任务理解较顺畅，不能据此证明真实可用性"
"SYNTHETIC 虚构示例","V043","T5 课表校对与匹配","未尝试",,"0","0","无示例严重错误","虚拟用户未选择课表任务；没有执行记录","个人可选择不导入课表"
"SYNTHETIC 虚构示例","V044","T1 按日期找物品","独立完成","148","1","1","无示例严重错误","无需主持帮助；不是实际观察","示例任务理解较顺畅，不能据此证明真实可用性"
"SYNTHETIC 虚构示例","V044","T2 求物与推荐","独立完成","225","1","1","无示例严重错误","无需主持帮助；不是实际观察","示例任务理解较顺畅，不能据此证明真实可用性"
"SYNTHETIC 虚构示例","V044","T3 费用与归还","独立完成","88","1","1","无示例严重错误","无需主持帮助；不是实际观察","示例任务理解较顺畅，不能据此证明真实可用性"
"SYNTHETIC 虚构示例","V044","T4 不开GPS约地点","未完成","240","0","0","示例阻塞：任务无法继续","示例停止条件：达到240秒任务上限，仍未完成","以为必须开启定位；地点文字过于笼统"
"SYNTHETIC 虚构示例","V044","T5 课表校对与匹配","未完成","900","0","0","示例阻塞：任务无法继续","示例停止条件：达到900秒任务上限，仍未完成","星期或周次校对遗漏；把共同空档当成确定约定"
"SYNTHETIC 虚构示例","V045","T1 按日期找物品","独立完成","153","1","1","无示例严重错误","无需主持帮助；不是实际观察","示例任务理解较顺畅，不能据此证明真实可用性"
"SYNTHETIC 虚构示例","V045","T2 求物与推荐","协助完成","244","1","0","无示例严重错误","示例主持提示后完成；不是独立完成","需要再次确认按钮含义和下一步"
"SYNTHETIC 虚构示例","V045","T3 费用与归还","独立完成","164","1","1","无示例严重错误","无需主持帮助；不是实际观察","示例任务理解较顺畅，不能据此证明真实可用性"
"SYNTHETIC 虚构示例","V045","T4 不开GPS约地点","协助完成","198","1","0","无示例严重错误","示例主持提示后完成；不是独立完成","需要再次确认按钮含义和下一步"
"SYNTHETIC 虚构示例","V045","T5 课表校对与匹配","未尝试",,"0","0","无示例严重错误","虚拟用户未选择课表任务；没有执行记录","个人可选择不导入课表"
"SYNTHETIC 虚构示例","V046","T1 按日期找物品","未完成","300","0","0","示例阻塞：任务无法继续","示例停止条件：达到300秒任务上限，仍未完成","把筛选结果误认为已经预约；忽略物品可用日期"
"SYNTHETIC 虚构示例","V046","T2 求物与推荐","独立完成","151","1","1","无示例严重错误","无需主持帮助；不是实际观察","示例任务理解较顺畅，不能据此证明真实可用性"
"SYNTHETIC 虚构示例","V046","T3 费用与归还","独立完成","102","1","1","无示例严重错误","无需主持帮助；不是实际观察","示例任务理解较顺畅，不能据此证明真实可用性"
"SYNTHETIC 虚构示例","V046","T4 不开GPS约地点","独立完成","122","1","1","无示例严重错误","无需主持帮助；不是实际观察","示例任务理解较顺畅，不能据此证明真实可用性"
"SYNTHETIC 虚构示例","V046","T5 课表校对与匹配","独立完成","346","1","1","无示例严重错误","无需主持帮助；不是实际观察","示例任务理解较顺畅，不能据此证明真实可用性"
"SYNTHETIC 虚构示例","V047","T1 按日期找物品","独立完成","156","1","1","无示例严重错误","无需主持帮助；不是实际观察","示例任务理解较顺畅，不能据此证明真实可用性"
"SYNTHETIC 虚构示例","V047","T2 求物与推荐","独立完成","162","1","1","无示例严重错误","无需主持帮助；不是实际观察","示例任务理解较顺畅，不能据此证明真实可用性"
"SYNTHETIC 虚构示例","V047","T3 费用与归还","独立完成","129","1","1","无示例严重错误","无需主持帮助；不是实际观察","示例任务理解较顺畅，不能据此证明真实可用性"
"SYNTHETIC 虚构示例","V047","T4 不开GPS约地点","独立完成","120","1","1","无示例严重错误","无需主持帮助；不是实际观察","示例任务理解较顺畅，不能据此证明真实可用性"
"SYNTHETIC 虚构示例","V047","T5 课表校对与匹配","协助完成","391","1","0","无示例严重错误","示例主持提示后完成；不是独立完成","需要再次确认按钮含义和下一步"
"SYNTHETIC 虚构示例","V048","T1 按日期找物品","协助完成","247","1","0","无示例严重错误","示例主持提示后完成；不是独立完成","需要再次确认按钮含义和下一步"
"SYNTHETIC 虚构示例","V048","T2 求物与推荐","独立完成","140","1","1","无示例严重错误","无需主持帮助；不是实际观察","示例任务理解较顺畅，不能据此证明真实可用性"
"SYNTHETIC 虚构示例","V048","T3 费用与归还","独立完成","129","1","1","无示例严重错误","无需主持帮助；不是实际观察","示例任务理解较顺畅，不能据此证明真实可用性"
"SYNTHETIC 虚构示例","V048","T4 不开GPS约地点","独立完成","60","1","1","无示例严重错误","无需主持帮助；不是实际观察","示例任务理解较顺畅，不能据此证明真实可用性"
"SYNTHETIC 虚构示例","V048","T5 课表校对与匹配","未完成","900","0","0","示例阻塞：任务无法继续","示例停止条件：达到900秒任务上限，仍未完成","星期或周次校对遗漏；把共同空档当成确定约定"
"SYNTHETIC 虚构示例","V049","T1 按日期找物品","独立完成","99","1","1","无示例严重错误","无需主持帮助；不是实际观察","示例任务理解较顺畅，不能据此证明真实可用性"
"SYNTHETIC 虚构示例","V049","T2 求物与推荐","独立完成","163","1","1","无示例严重错误","无需主持帮助；不是实际观察","示例任务理解较顺畅，不能据此证明真实可用性"
"SYNTHETIC 虚构示例","V049","T3 费用与归还","协助完成","246","1","0","无示例严重错误","示例主持提示后完成；不是独立完成","需要再次确认按钮含义和下一步"
"SYNTHETIC 虚构示例","V049","T4 不开GPS约地点","独立完成","115","1","1","无示例严重错误","无需主持帮助；不是实际观察","示例任务理解较顺畅，不能据此证明真实可用性"
"SYNTHETIC 虚构示例","V049","T5 课表校对与匹配","未尝试",,"0","0","无示例严重错误","虚拟用户未选择课表任务；没有执行记录","个人可选择不导入课表"
"SYNTHETIC 虚构示例","V050","T1 按日期找物品","协助完成","194","1","0","无示例严重错误","示例主持提示后完成；不是独立完成","需要再次确认按钮含义和下一步"
"SYNTHETIC 虚构示例","V050","T2 求物与推荐","未完成","360","0","0","示例阻塞：任务无法继续","示例停止条件：达到360秒任务上限，仍未完成","不清楚推荐还需确认；没有供应时不知下一步"
"SYNTHETIC 虚构示例","V050","T3 费用与归还","独立完成","157","1","1","无示例严重错误","无需主持帮助；不是实际观察","示例任务理解较顺畅，不能据此证明真实可用性"
"SYNTHETIC 虚构示例","V050","T4 不开GPS约地点","独立完成","139","1","1","无示例严重错误","无需主持帮助；不是实际观察","示例任务理解较顺畅，不能据此证明真实可用性"
"SYNTHETIC 虚构示例","V050","T5 课表校对与匹配","未完成","900","0","0","示例阻塞：任务无法继续","示例停止条件：达到900秒任务上限，仍未完成","星期或周次校对遗漏；把共同空档当成确定约定"
"SYNTHETIC 虚构示例","V051","T1 按日期找物品","独立完成","145","1","1","无示例严重错误","无需主持帮助；不是实际观察","示例任务理解较顺畅，不能据此证明真实可用性"
"SYNTHETIC 虚构示例","V051","T2 求物与推荐","独立完成","186","1","1","无示例严重错误","无需主持帮助；不是实际观察","示例任务理解较顺畅，不能据此证明真实可用性"
"SYNTHETIC 虚构示例","V051","T3 费用与归还","独立完成","91","1","1","无示例严重错误","无需主持帮助；不是实际观察","示例任务理解较顺畅，不能据此证明真实可用性"
"SYNTHETIC 虚构示例","V051","T4 不开GPS约地点","协助完成","147","1","0","无示例严重错误","示例主持提示后完成；不是独立完成","需要再次确认按钮含义和下一步"
"SYNTHETIC 虚构示例","V051","T5 课表校对与匹配","未尝试",,"0","0","无示例严重错误","虚拟用户未选择课表任务；没有执行记录","个人可选择不导入课表"
"SYNTHETIC 虚构示例","V052","T1 按日期找物品","独立完成","175","1","1","无示例严重错误","无需主持帮助；不是实际观察","示例任务理解较顺畅，不能据此证明真实可用性"
"SYNTHETIC 虚构示例","V052","T2 求物与推荐","独立完成","146","1","1","无示例严重错误","无需主持帮助；不是实际观察","示例任务理解较顺畅，不能据此证明真实可用性"
"SYNTHETIC 虚构示例","V052","T3 费用与归还","独立完成","156","1","1","无示例严重错误","无需主持帮助；不是实际观察","示例任务理解较顺畅，不能据此证明真实可用性"
"SYNTHETIC 虚构示例","V052","T4 不开GPS约地点","独立完成","65","1","1","无示例严重错误","无需主持帮助；不是实际观察","示例任务理解较顺畅，不能据此证明真实可用性"
"SYNTHETIC 虚构示例","V052","T5 课表校对与匹配","独立完成","265","1","1","无示例严重错误","无需主持帮助；不是实际观察","示例任务理解较顺畅，不能据此证明真实可用性"
"SYNTHETIC 虚构示例","V053","T1 按日期找物品","独立完成","121","1","1","无示例严重错误","无需主持帮助；不是实际观察","示例任务理解较顺畅，不能据此证明真实可用性"
"SYNTHETIC 虚构示例","V053","T2 求物与推荐","独立完成","185","1","1","无示例严重错误","无需主持帮助；不是实际观察","示例任务理解较顺畅，不能据此证明真实可用性"
"SYNTHETIC 虚构示例","V053","T3 费用与归还","未完成","300","0","0","示例严重错误：费用概念混淆","示例停止条件：达到300秒任务上限，仍未完成","把押金算成租金或平台收入；没看清归还条件"
"SYNTHETIC 虚构示例","V053","T4 不开GPS约地点","独立完成","96","1","1","无示例严重错误","无需主持帮助；不是实际观察","示例任务理解较顺畅，不能据此证明真实可用性"
"SYNTHETIC 虚构示例","V053","T5 课表校对与匹配","未尝试",,"0","0","无示例严重错误","虚拟用户未选择课表任务；没有执行记录","个人可选择不导入课表"
"SYNTHETIC 虚构示例","V054","T1 按日期找物品","独立完成","149","1","1","无示例严重错误","无需主持帮助；不是实际观察","示例任务理解较顺畅，不能据此证明真实可用性"
"SYNTHETIC 虚构示例","V054","T2 求物与推荐","协助完成","250","1","0","无示例严重错误","示例主持提示后完成；不是独立完成","需要再次确认按钮含义和下一步"
"SYNTHETIC 虚构示例","V054","T3 费用与归还","未完成","300","0","0","示例严重错误：费用概念混淆","示例停止条件：达到300秒任务上限，仍未完成","把押金算成租金或平台收入；没看清归还条件"
"SYNTHETIC 虚构示例","V054","T4 不开GPS约地点","独立完成","92","1","1","无示例严重错误","无需主持帮助；不是实际观察","示例任务理解较顺畅，不能据此证明真实可用性"
"SYNTHETIC 虚构示例","V054","T5 课表校对与匹配","未完成","900","0","0","示例阻塞：任务无法继续","示例停止条件：达到900秒任务上限，仍未完成","星期或周次校对遗漏；把共同空档当成确定约定"
"SYNTHETIC 虚构示例","V055","T1 按日期找物品","独立完成","144","1","1","无示例严重错误","无需主持帮助；不是实际观察","示例任务理解较顺畅，不能据此证明真实可用性"
"SYNTHETIC 虚构示例","V055","T2 求物与推荐","协助完成","235","1","0","无示例严重错误","示例主持提示后完成；不是独立完成","需要再次确认按钮含义和下一步"
"SYNTHETIC 虚构示例","V055","T3 费用与归还","独立完成","161","1","1","无示例严重错误","无需主持帮助；不是实际观察","示例任务理解较顺畅，不能据此证明真实可用性"
"SYNTHETIC 虚构示例","V055","T4 不开GPS约地点","独立完成","55","1","1","无示例严重错误","无需主持帮助；不是实际观察","示例任务理解较顺畅，不能据此证明真实可用性"
"SYNTHETIC 虚构示例","V055","T5 课表校对与匹配","独立完成","286","1","1","无示例严重错误","无需主持帮助；不是实际观察","示例任务理解较顺畅，不能据此证明真实可用性"
"SYNTHETIC 虚构示例","V056","T1 按日期找物品","协助完成","227","1","0","无示例严重错误","示例主持提示后完成；不是独立完成","需要再次确认按钮含义和下一步"
"SYNTHETIC 虚构示例","V056","T2 求物与推荐","独立完成","165","1","1","无示例严重错误","无需主持帮助；不是实际观察","示例任务理解较顺畅，不能据此证明真实可用性"
"SYNTHETIC 虚构示例","V056","T3 费用与归还","协助完成","181","1","0","无示例严重错误","示例主持提示后完成；不是独立完成","需要再次确认按钮含义和下一步"
"SYNTHETIC 虚构示例","V056","T4 不开GPS约地点","独立完成","78","1","1","无示例严重错误","无需主持帮助；不是实际观察","示例任务理解较顺畅，不能据此证明真实可用性"
"SYNTHETIC 虚构示例","V056","T5 课表校对与匹配","未完成","900","0","0","示例阻塞：任务无法继续","示例停止条件：达到900秒任务上限，仍未完成","星期或周次校对遗漏；把共同空档当成确定约定"
"SYNTHETIC 虚构示例","V057","T1 按日期找物品","独立完成","120","1","1","无示例严重错误","无需主持帮助；不是实际观察","示例任务理解较顺畅，不能据此证明真实可用性"
"SYNTHETIC 虚构示例","V057","T2 求物与推荐","独立完成","224","1","1","无示例严重错误","无需主持帮助；不是实际观察","示例任务理解较顺畅，不能据此证明真实可用性"
"SYNTHETIC 虚构示例","V057","T3 费用与归还","独立完成","141","1","1","无示例严重错误","无需主持帮助；不是实际观察","示例任务理解较顺畅，不能据此证明真实可用性"
"SYNTHETIC 虚构示例","V057","T4 不开GPS约地点","独立完成","115","1","1","无示例严重错误","无需主持帮助；不是实际观察","示例任务理解较顺畅，不能据此证明真实可用性"
"SYNTHETIC 虚构示例","V057","T5 课表校对与匹配","独立完成","342","1","1","无示例严重错误","无需主持帮助；不是实际观察","示例任务理解较顺畅，不能据此证明真实可用性"
"SYNTHETIC 虚构示例","V058","T1 按日期找物品","协助完成","260","1","0","无示例严重错误","示例主持提示后完成；不是独立完成","需要再次确认按钮含义和下一步"
"SYNTHETIC 虚构示例","V058","T2 求物与推荐","协助完成","264","1","0","无示例严重错误","示例主持提示后完成；不是独立完成","需要再次确认按钮含义和下一步"
"SYNTHETIC 虚构示例","V058","T3 费用与归还","独立完成","141","1","1","无示例严重错误","无需主持帮助；不是实际观察","示例任务理解较顺畅，不能据此证明真实可用性"
"SYNTHETIC 虚构示例","V058","T4 不开GPS约地点","独立完成","88","1","1","无示例严重错误","无需主持帮助；不是实际观察","示例任务理解较顺畅，不能据此证明真实可用性"
"SYNTHETIC 虚构示例","V058","T5 课表校对与匹配","独立完成","341","1","1","无示例严重错误","无需主持帮助；不是实际观察","示例任务理解较顺畅，不能据此证明真实可用性"
"SYNTHETIC 虚构示例","V059","T1 按日期找物品","独立完成","91","1","1","无示例严重错误","无需主持帮助；不是实际观察","示例任务理解较顺畅，不能据此证明真实可用性"
"SYNTHETIC 虚构示例","V059","T2 求物与推荐","独立完成","154","1","1","无示例严重错误","无需主持帮助；不是实际观察","示例任务理解较顺畅，不能据此证明真实可用性"
"SYNTHETIC 虚构示例","V059","T3 费用与归还","独立完成","149","1","1","无示例严重错误","无需主持帮助；不是实际观察","示例任务理解较顺畅，不能据此证明真实可用性"
"SYNTHETIC 虚构示例","V059","T4 不开GPS约地点","独立完成","135","1","1","无示例严重错误","无需主持帮助；不是实际观察","示例任务理解较顺畅，不能据此证明真实可用性"
"SYNTHETIC 虚构示例","V059","T5 课表校对与匹配","独立完成","302","1","1","无示例严重错误","无需主持帮助；不是实际观察","示例任务理解较顺畅，不能据此证明真实可用性"
"SYNTHETIC 虚构示例","V060","T1 按日期找物品","协助完成","249","1","0","无示例严重错误","示例主持提示后完成；不是独立完成","需要再次确认按钮含义和下一步"
"SYNTHETIC 虚构示例","V060","T2 求物与推荐","独立完成","141","1","1","无示例严重错误","无需主持帮助；不是实际观察","示例任务理解较顺畅，不能据此证明真实可用性"
"SYNTHETIC 虚构示例","V060","T3 费用与归还","独立完成","94","1","1","无示例严重错误","无需主持帮助；不是实际观察","示例任务理解较顺畅，不能据此证明真实可用性"
"SYNTHETIC 虚构示例","V060","T4 不开GPS约地点","独立完成","50","1","1","无示例严重错误","无需主持帮助；不是实际观察","示例任务理解较顺畅，不能据此证明真实可用性"
"SYNTHETIC 虚构示例","V060","T5 课表校对与匹配","未完成","900","0","0","示例阻塞：任务无法继续","示例停止条件：达到900秒任务上限，仍未完成","星期或周次校对遗漏；把共同空档当成确定约定"
"SYNTHETIC 虚构示例","V061","T1 按日期找物品","独立完成","151","1","1","无示例严重错误","无需主持帮助；不是实际观察","示例任务理解较顺畅，不能据此证明真实可用性"
"SYNTHETIC 虚构示例","V061","T2 求物与推荐","独立完成","168","1","1","无示例严重错误","无需主持帮助；不是实际观察","示例任务理解较顺畅，不能据此证明真实可用性"
"SYNTHETIC 虚构示例","V061","T3 费用与归还","独立完成","115","1","1","无示例严重错误","无需主持帮助；不是实际观察","示例任务理解较顺畅，不能据此证明真实可用性"
"SYNTHETIC 虚构示例","V061","T4 不开GPS约地点","独立完成","80","1","1","无示例严重错误","无需主持帮助；不是实际观察","示例任务理解较顺畅，不能据此证明真实可用性"
"SYNTHETIC 虚构示例","V061","T5 课表校对与匹配","独立完成","277","1","1","无示例严重错误","无需主持帮助；不是实际观察","示例任务理解较顺畅，不能据此证明真实可用性"
"SYNTHETIC 虚构示例","V062","T1 按日期找物品","独立完成","160","1","1","无示例严重错误","无需主持帮助；不是实际观察","示例任务理解较顺畅，不能据此证明真实可用性"
"SYNTHETIC 虚构示例","V062","T2 求物与推荐","独立完成","222","1","1","无示例严重错误","无需主持帮助；不是实际观察","示例任务理解较顺畅，不能据此证明真实可用性"
"SYNTHETIC 虚构示例","V062","T3 费用与归还","协助完成","217","1","0","无示例严重错误","示例主持提示后完成；不是独立完成","需要再次确认按钮含义和下一步"
"SYNTHETIC 虚构示例","V062","T4 不开GPS约地点","独立完成","115","1","1","无示例严重错误","无需主持帮助；不是实际观察","示例任务理解较顺畅，不能据此证明真实可用性"
"SYNTHETIC 虚构示例","V062","T5 课表校对与匹配","独立完成","320","1","1","无示例严重错误","无需主持帮助；不是实际观察","示例任务理解较顺畅，不能据此证明真实可用性"
"SYNTHETIC 虚构示例","V063","T1 按日期找物品","协助完成","217","1","0","无示例严重错误","示例主持提示后完成；不是独立完成","需要再次确认按钮含义和下一步"
"SYNTHETIC 虚构示例","V063","T2 求物与推荐","协助完成","250","1","0","无示例严重错误","示例主持提示后完成；不是独立完成","需要再次确认按钮含义和下一步"
"SYNTHETIC 虚构示例","V063","T3 费用与归还","独立完成","86","1","1","无示例严重错误","无需主持帮助；不是实际观察","示例任务理解较顺畅，不能据此证明真实可用性"
"SYNTHETIC 虚构示例","V063","T4 不开GPS约地点","独立完成","117","1","1","无示例严重错误","无需主持帮助；不是实际观察","示例任务理解较顺畅，不能据此证明真实可用性"
"SYNTHETIC 虚构示例","V063","T5 课表校对与匹配","协助完成","379","1","0","无示例严重错误","示例主持提示后完成；不是独立完成","需要再次确认按钮含义和下一步"
"SYNTHETIC 虚构示例","V064","T1 按日期找物品","独立完成","164","1","1","无示例严重错误","无需主持帮助；不是实际观察","示例任务理解较顺畅，不能据此证明真实可用性"
"SYNTHETIC 虚构示例","V064","T2 求物与推荐","独立完成","191","1","1","无示例严重错误","无需主持帮助；不是实际观察","示例任务理解较顺畅，不能据此证明真实可用性"
"SYNTHETIC 虚构示例","V064","T3 费用与归还","独立完成","107","1","1","无示例严重错误","无需主持帮助；不是实际观察","示例任务理解较顺畅，不能据此证明真实可用性"
"SYNTHETIC 虚构示例","V064","T4 不开GPS约地点","独立完成","99","1","1","无示例严重错误","无需主持帮助；不是实际观察","示例任务理解较顺畅，不能据此证明真实可用性"
"SYNTHETIC 虚构示例","V064","T5 课表校对与匹配","协助完成","414","1","0","无示例严重错误","示例主持提示后完成；不是独立完成","需要再次确认按钮含义和下一步"
"SYNTHETIC 虚构示例","V065","T1 按日期找物品","独立完成","125","1","1","无示例严重错误","无需主持帮助；不是实际观察","示例任务理解较顺畅，不能据此证明真实可用性"
"SYNTHETIC 虚构示例","V065","T2 求物与推荐","独立完成","157","1","1","无示例严重错误","无需主持帮助；不是实际观察","示例任务理解较顺畅，不能据此证明真实可用性"
"SYNTHETIC 虚构示例","V065","T3 费用与归还","独立完成","128","1","1","无示例严重错误","无需主持帮助；不是实际观察","示例任务理解较顺畅，不能据此证明真实可用性"
"SYNTHETIC 虚构示例","V065","T4 不开GPS约地点","独立完成","137","1","1","无示例严重错误","无需主持帮助；不是实际观察","示例任务理解较顺畅，不能据此证明真实可用性"
"SYNTHETIC 虚构示例","V065","T5 课表校对与匹配","未尝试",,"0","0","无示例严重错误","虚拟用户未选择课表任务；没有执行记录","个人可选择不导入课表"
"SYNTHETIC 虚构示例","V066","T1 按日期找物品","独立完成","167","1","1","无示例严重错误","无需主持帮助；不是实际观察","示例任务理解较顺畅，不能据此证明真实可用性"
"SYNTHETIC 虚构示例","V066","T2 求物与推荐","协助完成","276","1","0","无示例严重错误","示例主持提示后完成；不是独立完成","需要再次确认按钮含义和下一步"
"SYNTHETIC 虚构示例","V066","T3 费用与归还","独立完成","92","1","1","无示例严重错误","无需主持帮助；不是实际观察","示例任务理解较顺畅，不能据此证明真实可用性"
"SYNTHETIC 虚构示例","V066","T4 不开GPS约地点","未完成","240","0","0","示例阻塞：任务无法继续","示例停止条件：达到240秒任务上限，仍未完成","以为必须开启定位；地点文字过于笼统"
"SYNTHETIC 虚构示例","V066","T5 课表校对与匹配","独立完成","284","1","1","无示例严重错误","无需主持帮助；不是实际观察","示例任务理解较顺畅，不能据此证明真实可用性"
"SYNTHETIC 虚构示例","V067","T1 按日期找物品","协助完成","256","1","0","无示例严重错误","示例主持提示后完成；不是独立完成","需要再次确认按钮含义和下一步"
"SYNTHETIC 虚构示例","V067","T2 求物与推荐","独立完成","218","1","1","无示例严重错误","无需主持帮助；不是实际观察","示例任务理解较顺畅，不能据此证明真实可用性"
"SYNTHETIC 虚构示例","V067","T3 费用与归还","独立完成","108","1","1","无示例严重错误","无需主持帮助；不是实际观察","示例任务理解较顺畅，不能据此证明真实可用性"
"SYNTHETIC 虚构示例","V067","T4 不开GPS约地点","独立完成","50","1","1","无示例严重错误","无需主持帮助；不是实际观察","示例任务理解较顺畅，不能据此证明真实可用性"
"SYNTHETIC 虚构示例","V067","T5 课表校对与匹配","未尝试",,"0","0","无示例严重错误","虚拟用户未选择课表任务；没有执行记录","个人可选择不导入课表"
"SYNTHETIC 虚构示例","V068","T1 按日期找物品","独立完成","145","1","1","无示例严重错误","无需主持帮助；不是实际观察","示例任务理解较顺畅，不能据此证明真实可用性"
"SYNTHETIC 虚构示例","V068","T2 求物与推荐","独立完成","144","1","1","无示例严重错误","无需主持帮助；不是实际观察","示例任务理解较顺畅，不能据此证明真实可用性"
"SYNTHETIC 虚构示例","V068","T3 费用与归还","协助完成","251","1","0","无示例严重错误","示例主持提示后完成；不是独立完成","需要再次确认按钮含义和下一步"
"SYNTHETIC 虚构示例","V068","T4 不开GPS约地点","独立完成","90","1","1","无示例严重错误","无需主持帮助；不是实际观察","示例任务理解较顺畅，不能据此证明真实可用性"
"SYNTHETIC 虚构示例","V068","T5 课表校对与匹配","未尝试",,"0","0","无示例严重错误","虚拟用户未选择课表任务；没有执行记录","个人可选择不导入课表"
"SYNTHETIC 虚构示例","V069","T1 按日期找物品","独立完成","113","1","1","无示例严重错误","无需主持帮助；不是实际观察","示例任务理解较顺畅，不能据此证明真实可用性"
"SYNTHETIC 虚构示例","V069","T2 求物与推荐","独立完成","140","1","1","无示例严重错误","无需主持帮助；不是实际观察","示例任务理解较顺畅，不能据此证明真实可用性"
"SYNTHETIC 虚构示例","V069","T3 费用与归还","独立完成","75","1","1","无示例严重错误","无需主持帮助；不是实际观察","示例任务理解较顺畅，不能据此证明真实可用性"
"SYNTHETIC 虚构示例","V069","T4 不开GPS约地点","独立完成","127","1","1","无示例严重错误","无需主持帮助；不是实际观察","示例任务理解较顺畅，不能据此证明真实可用性"
"SYNTHETIC 虚构示例","V069","T5 课表校对与匹配","未尝试",,"0","0","无示例严重错误","虚拟用户未选择课表任务；没有执行记录","个人可选择不导入课表"
"SYNTHETIC 虚构示例","V070","T1 按日期找物品","独立完成","100","1","1","无示例严重错误","无需主持帮助；不是实际观察","示例任务理解较顺畅，不能据此证明真实可用性"
"SYNTHETIC 虚构示例","V070","T2 求物与推荐","独立完成","140","1","1","无示例严重错误","无需主持帮助；不是实际观察","示例任务理解较顺畅，不能据此证明真实可用性"
"SYNTHETIC 虚构示例","V070","T3 费用与归还","协助完成","192","1","0","无示例严重错误","示例主持提示后完成；不是独立完成","需要再次确认按钮含义和下一步"
"SYNTHETIC 虚构示例","V070","T4 不开GPS约地点","独立完成","57","1","1","无示例严重错误","无需主持帮助；不是实际观察","示例任务理解较顺畅，不能据此证明真实可用性"
"SYNTHETIC 虚构示例","V070","T5 课表校对与匹配","独立完成","281","1","1","无示例严重错误","无需主持帮助；不是实际观察","示例任务理解较顺畅，不能据此证明真实可用性"
"SYNTHETIC 虚构示例","V071","T1 按日期找物品","独立完成","133","1","1","无示例严重错误","无需主持帮助；不是实际观察","示例任务理解较顺畅，不能据此证明真实可用性"
"SYNTHETIC 虚构示例","V071","T2 求物与推荐","协助完成","312","1","0","无示例严重错误","示例主持提示后完成；不是独立完成","需要再次确认按钮含义和下一步"
"SYNTHETIC 虚构示例","V071","T3 费用与归还","独立完成","134","1","1","无示例严重错误","无需主持帮助；不是实际观察","示例任务理解较顺畅，不能据此证明真实可用性"
"SYNTHETIC 虚构示例","V071","T4 不开GPS约地点","独立完成","81","1","1","无示例严重错误","无需主持帮助；不是实际观察","示例任务理解较顺畅，不能据此证明真实可用性"
"SYNTHETIC 虚构示例","V071","T5 课表校对与匹配","独立完成","339","1","1","无示例严重错误","无需主持帮助；不是实际观察","示例任务理解较顺畅，不能据此证明真实可用性"
"SYNTHETIC 虚构示例","V072","T1 按日期找物品","独立完成","127","1","1","无示例严重错误","无需主持帮助；不是实际观察","示例任务理解较顺畅，不能据此证明真实可用性"
"SYNTHETIC 虚构示例","V072","T2 求物与推荐","独立完成","189","1","1","无示例严重错误","无需主持帮助；不是实际观察","示例任务理解较顺畅，不能据此证明真实可用性"
"SYNTHETIC 虚构示例","V072","T3 费用与归还","协助完成","172","1","0","无示例严重错误","示例主持提示后完成；不是独立完成","需要再次确认按钮含义和下一步"
"SYNTHETIC 虚构示例","V072","T4 不开GPS约地点","独立完成","114","1","1","无示例严重错误","无需主持帮助；不是实际观察","示例任务理解较顺畅，不能据此证明真实可用性"
"SYNTHETIC 虚构示例","V072","T5 课表校对与匹配","独立完成","270","1","1","无示例严重错误","无需主持帮助；不是实际观察","示例任务理解较顺畅，不能据此证明真实可用性"
"SYNTHETIC 虚构示例","V073","T1 按日期找物品","未完成","300","0","0","示例阻塞：任务无法继续","示例停止条件：达到300秒任务上限，仍未完成","把筛选结果误认为已经预约；忽略物品可用日期"
"SYNTHETIC 虚构示例","V073","T2 求物与推荐","未完成","360","0","0","示例阻塞：任务无法继续","示例停止条件：达到360秒任务上限，仍未完成","不清楚推荐还需确认；没有供应时不知下一步"
"SYNTHETIC 虚构示例","V073","T3 费用与归还","独立完成","88","1","1","无示例严重错误","无需主持帮助；不是实际观察","示例任务理解较顺畅，不能据此证明真实可用性"
"SYNTHETIC 虚构示例","V073","T4 不开GPS约地点","独立完成","88","1","1","无示例严重错误","无需主持帮助；不是实际观察","示例任务理解较顺畅，不能据此证明真实可用性"
"SYNTHETIC 虚构示例","V073","T5 课表校对与匹配","独立完成","281","1","1","无示例严重错误","无需主持帮助；不是实际观察","示例任务理解较顺畅，不能据此证明真实可用性"
"SYNTHETIC 虚构示例","V074","T1 按日期找物品","独立完成","143","1","1","无示例严重错误","无需主持帮助；不是实际观察","示例任务理解较顺畅，不能据此证明真实可用性"
"SYNTHETIC 虚构示例","V074","T2 求物与推荐","独立完成","177","1","1","无示例严重错误","无需主持帮助；不是实际观察","示例任务理解较顺畅，不能据此证明真实可用性"
"SYNTHETIC 虚构示例","V074","T3 费用与归还","独立完成","164","1","1","无示例严重错误","无需主持帮助；不是实际观察","示例任务理解较顺畅，不能据此证明真实可用性"
"SYNTHETIC 虚构示例","V074","T4 不开GPS约地点","独立完成","106","1","1","无示例严重错误","无需主持帮助；不是实际观察","示例任务理解较顺畅，不能据此证明真实可用性"
"SYNTHETIC 虚构示例","V074","T5 课表校对与匹配","协助完成","372","1","0","无示例严重错误","示例主持提示后完成；不是独立完成","需要再次确认按钮含义和下一步"
"SYNTHETIC 虚构示例","V075","T1 按日期找物品","独立完成","125","1","1","无示例严重错误","无需主持帮助；不是实际观察","示例任务理解较顺畅，不能据此证明真实可用性"
"SYNTHETIC 虚构示例","V075","T2 求物与推荐","协助完成","277","1","0","无示例严重错误","示例主持提示后完成；不是独立完成","需要再次确认按钮含义和下一步"
"SYNTHETIC 虚构示例","V075","T3 费用与归还","独立完成","142","1","1","无示例严重错误","无需主持帮助；不是实际观察","示例任务理解较顺畅，不能据此证明真实可用性"
"SYNTHETIC 虚构示例","V075","T4 不开GPS约地点","独立完成","125","1","1","无示例严重错误","无需主持帮助；不是实际观察","示例任务理解较顺畅，不能据此证明真实可用性"
"SYNTHETIC 虚构示例","V075","T5 课表校对与匹配","独立完成","345","1","1","无示例严重错误","无需主持帮助；不是实际观察","示例任务理解较顺畅，不能据此证明真实可用性"
"SYNTHETIC 虚构示例","V076","T1 按日期找物品","未完成","300","0","0","示例阻塞：任务无法继续","示例停止条件：达到300秒任务上限，仍未完成","把筛选结果误认为已经预约；忽略物品可用日期"
"SYNTHETIC 虚构示例","V076","T2 求物与推荐","独立完成","219","1","1","无示例严重错误","无需主持帮助；不是实际观察","示例任务理解较顺畅，不能据此证明真实可用性"
"SYNTHETIC 虚构示例","V076","T3 费用与归还","独立完成","76","1","1","无示例严重错误","无需主持帮助；不是实际观察","示例任务理解较顺畅，不能据此证明真实可用性"
"SYNTHETIC 虚构示例","V076","T4 不开GPS约地点","独立完成","88","1","1","无示例严重错误","无需主持帮助；不是实际观察","示例任务理解较顺畅，不能据此证明真实可用性"
"SYNTHETIC 虚构示例","V076","T5 课表校对与匹配","未尝试",,"0","0","无示例严重错误","虚拟用户未选择课表任务；没有执行记录","个人可选择不导入课表"
"SYNTHETIC 虚构示例","V077","T1 按日期找物品","独立完成","104","1","1","无示例严重错误","无需主持帮助；不是实际观察","示例任务理解较顺畅，不能据此证明真实可用性"
"SYNTHETIC 虚构示例","V077","T2 求物与推荐","协助完成","289","1","0","无示例严重错误","示例主持提示后完成；不是独立完成","需要再次确认按钮含义和下一步"
"SYNTHETIC 虚构示例","V077","T3 费用与归还","独立完成","121","1","1","无示例严重错误","无需主持帮助；不是实际观察","示例任务理解较顺畅，不能据此证明真实可用性"
"SYNTHETIC 虚构示例","V077","T4 不开GPS约地点","协助完成","228","1","0","无示例严重错误","示例主持提示后完成；不是独立完成","需要再次确认按钮含义和下一步"
"SYNTHETIC 虚构示例","V077","T5 课表校对与匹配","独立完成","318","1","1","无示例严重错误","无需主持帮助；不是实际观察","示例任务理解较顺畅，不能据此证明真实可用性"
"SYNTHETIC 虚构示例","V078","T1 按日期找物品","独立完成","179","1","1","无示例严重错误","无需主持帮助；不是实际观察","示例任务理解较顺畅，不能据此证明真实可用性"
"SYNTHETIC 虚构示例","V078","T2 求物与推荐","独立完成","222","1","1","无示例严重错误","无需主持帮助；不是实际观察","示例任务理解较顺畅，不能据此证明真实可用性"
"SYNTHETIC 虚构示例","V078","T3 费用与归还","独立完成","83","1","1","无示例严重错误","无需主持帮助；不是实际观察","示例任务理解较顺畅，不能据此证明真实可用性"
"SYNTHETIC 虚构示例","V078","T4 不开GPS约地点","独立完成","98","1","1","无示例严重错误","无需主持帮助；不是实际观察","示例任务理解较顺畅，不能据此证明真实可用性"
"SYNTHETIC 虚构示例","V078","T5 课表校对与匹配","独立完成","330","1","1","无示例严重错误","无需主持帮助；不是实际观察","示例任务理解较顺畅，不能据此证明真实可用性"
"SYNTHETIC 虚构示例","V079","T1 按日期找物品","独立完成","121","1","1","无示例严重错误","无需主持帮助；不是实际观察","示例任务理解较顺畅，不能据此证明真实可用性"
"SYNTHETIC 虚构示例","V079","T2 求物与推荐","独立完成","227","1","1","无示例严重错误","无需主持帮助；不是实际观察","示例任务理解较顺畅，不能据此证明真实可用性"
"SYNTHETIC 虚构示例","V079","T3 费用与归还","独立完成","86","1","1","无示例严重错误","无需主持帮助；不是实际观察","示例任务理解较顺畅，不能据此证明真实可用性"
"SYNTHETIC 虚构示例","V079","T4 不开GPS约地点","独立完成","54","1","1","无示例严重错误","无需主持帮助；不是实际观察","示例任务理解较顺畅，不能据此证明真实可用性"
"SYNTHETIC 虚构示例","V079","T5 课表校对与匹配","未完成","900","0","0","示例阻塞：任务无法继续","示例停止条件：达到900秒任务上限，仍未完成","星期或周次校对遗漏；把共同空档当成确定约定"
"SYNTHETIC 虚构示例","V080","T1 按日期找物品","独立完成","130","1","1","无示例严重错误","无需主持帮助；不是实际观察","示例任务理解较顺畅，不能据此证明真实可用性"
"SYNTHETIC 虚构示例","V080","T2 求物与推荐","独立完成","181","1","1","无示例严重错误","无需主持帮助；不是实际观察","示例任务理解较顺畅，不能据此证明真实可用性"
"SYNTHETIC 虚构示例","V080","T3 费用与归还","独立完成","151","1","1","无示例严重错误","无需主持帮助；不是实际观察","示例任务理解较顺畅，不能据此证明真实可用性"
"SYNTHETIC 虚构示例","V080","T4 不开GPS约地点","独立完成","116","1","1","无示例严重错误","无需主持帮助；不是实际观察","示例任务理解较顺畅，不能据此证明真实可用性"
"SYNTHETIC 虚构示例","V080","T5 课表校对与匹配","独立完成","308","1","1","无示例严重错误","无需主持帮助；不是实际观察","示例任务理解较顺畅，不能据此证明真实可用性"
"SYNTHETIC 虚构示例","V081","T1 按日期找物品","独立完成","126","1","1","无示例严重错误","无需主持帮助；不是实际观察","示例任务理解较顺畅，不能据此证明真实可用性"
"SYNTHETIC 虚构示例","V081","T2 求物与推荐","独立完成","156","1","1","无示例严重错误","无需主持帮助；不是实际观察","示例任务理解较顺畅，不能据此证明真实可用性"
"SYNTHETIC 虚构示例","V081","T3 费用与归还","未完成","300","0","0","示例严重错误：费用概念混淆","示例停止条件：达到300秒任务上限，仍未完成","把押金算成租金或平台收入；没看清归还条件"
"SYNTHETIC 虚构示例","V081","T4 不开GPS约地点","独立完成","51","1","1","无示例严重错误","无需主持帮助；不是实际观察","示例任务理解较顺畅，不能据此证明真实可用性"
"SYNTHETIC 虚构示例","V081","T5 课表校对与匹配","独立完成","327","1","1","无示例严重错误","无需主持帮助；不是实际观察","示例任务理解较顺畅，不能据此证明真实可用性"
"SYNTHETIC 虚构示例","V082","T1 按日期找物品","独立完成","170","1","1","无示例严重错误","无需主持帮助；不是实际观察","示例任务理解较顺畅，不能据此证明真实可用性"
"SYNTHETIC 虚构示例","V082","T2 求物与推荐","独立完成","142","1","1","无示例严重错误","无需主持帮助；不是实际观察","示例任务理解较顺畅，不能据此证明真实可用性"
"SYNTHETIC 虚构示例","V082","T3 费用与归还","独立完成","88","1","1","无示例严重错误","无需主持帮助；不是实际观察","示例任务理解较顺畅，不能据此证明真实可用性"
"SYNTHETIC 虚构示例","V082","T4 不开GPS约地点","协助完成","160","1","0","无示例严重错误","示例主持提示后完成；不是独立完成","需要再次确认按钮含义和下一步"
"SYNTHETIC 虚构示例","V082","T5 课表校对与匹配","未尝试",,"0","0","无示例严重错误","虚拟用户未选择课表任务；没有执行记录","个人可选择不导入课表"
"SYNTHETIC 虚构示例","V083","T1 按日期找物品","独立完成","91","1","1","无示例严重错误","无需主持帮助；不是实际观察","示例任务理解较顺畅，不能据此证明真实可用性"
"SYNTHETIC 虚构示例","V083","T2 求物与推荐","独立完成","229","1","1","无示例严重错误","无需主持帮助；不是实际观察","示例任务理解较顺畅，不能据此证明真实可用性"
"SYNTHETIC 虚构示例","V083","T3 费用与归还","独立完成","129","1","1","无示例严重错误","无需主持帮助；不是实际观察","示例任务理解较顺畅，不能据此证明真实可用性"
"SYNTHETIC 虚构示例","V083","T4 不开GPS约地点","独立完成","92","1","1","无示例严重错误","无需主持帮助；不是实际观察","示例任务理解较顺畅，不能据此证明真实可用性"
"SYNTHETIC 虚构示例","V083","T5 课表校对与匹配","协助完成","394","1","0","无示例严重错误","示例主持提示后完成；不是独立完成","需要再次确认按钮含义和下一步"
"SYNTHETIC 虚构示例","V084","T1 按日期找物品","独立完成","102","1","1","无示例严重错误","无需主持帮助；不是实际观察","示例任务理解较顺畅，不能据此证明真实可用性"
"SYNTHETIC 虚构示例","V084","T2 求物与推荐","独立完成","163","1","1","无示例严重错误","无需主持帮助；不是实际观察","示例任务理解较顺畅，不能据此证明真实可用性"
"SYNTHETIC 虚构示例","V084","T3 费用与归还","独立完成","89","1","1","无示例严重错误","无需主持帮助；不是实际观察","示例任务理解较顺畅，不能据此证明真实可用性"
"SYNTHETIC 虚构示例","V084","T4 不开GPS约地点","独立完成","134","1","1","无示例严重错误","无需主持帮助；不是实际观察","示例任务理解较顺畅，不能据此证明真实可用性"
"SYNTHETIC 虚构示例","V084","T5 课表校对与匹配","独立完成","337","1","1","无示例严重错误","无需主持帮助；不是实际观察","示例任务理解较顺畅，不能据此证明真实可用性"
"SYNTHETIC 虚构示例","V085","T1 按日期找物品","协助完成","257","1","0","无示例严重错误","示例主持提示后完成；不是独立完成","需要再次确认按钮含义和下一步"
"SYNTHETIC 虚构示例","V085","T2 求物与推荐","独立完成","167","1","1","无示例严重错误","无需主持帮助；不是实际观察","示例任务理解较顺畅，不能据此证明真实可用性"
"SYNTHETIC 虚构示例","V085","T3 费用与归还","协助完成","190","1","0","无示例严重错误","示例主持提示后完成；不是独立完成","需要再次确认按钮含义和下一步"
"SYNTHETIC 虚构示例","V085","T4 不开GPS约地点","独立完成","57","1","1","无示例严重错误","无需主持帮助；不是实际观察","示例任务理解较顺畅，不能据此证明真实可用性"
"SYNTHETIC 虚构示例","V085","T5 课表校对与匹配","未尝试",,"0","0","无示例严重错误","虚拟用户未选择课表任务；没有执行记录","个人可选择不导入课表"
"SYNTHETIC 虚构示例","V086","T1 按日期找物品","独立完成","107","1","1","无示例严重错误","无需主持帮助；不是实际观察","示例任务理解较顺畅，不能据此证明真实可用性"
"SYNTHETIC 虚构示例","V086","T2 求物与推荐","独立完成","206","1","1","无示例严重错误","无需主持帮助；不是实际观察","示例任务理解较顺畅，不能据此证明真实可用性"
"SYNTHETIC 虚构示例","V086","T3 费用与归还","协助完成","187","1","0","无示例严重错误","示例主持提示后完成；不是独立完成","需要再次确认按钮含义和下一步"
"SYNTHETIC 虚构示例","V086","T4 不开GPS约地点","协助完成","223","1","0","无示例严重错误","示例主持提示后完成；不是独立完成","需要再次确认按钮含义和下一步"
"SYNTHETIC 虚构示例","V086","T5 课表校对与匹配","协助完成","368","1","0","无示例严重错误","示例主持提示后完成；不是独立完成","需要再次确认按钮含义和下一步"
"SYNTHETIC 虚构示例","V087","T1 按日期找物品","未完成","300","0","0","示例阻塞：任务无法继续","示例停止条件：达到300秒任务上限，仍未完成","把筛选结果误认为已经预约；忽略物品可用日期"
"SYNTHETIC 虚构示例","V087","T2 求物与推荐","独立完成","201","1","1","无示例严重错误","无需主持帮助；不是实际观察","示例任务理解较顺畅，不能据此证明真实可用性"
"SYNTHETIC 虚构示例","V087","T3 费用与归还","独立完成","157","1","1","无示例严重错误","无需主持帮助；不是实际观察","示例任务理解较顺畅，不能据此证明真实可用性"
"SYNTHETIC 虚构示例","V087","T4 不开GPS约地点","独立完成","63","1","1","无示例严重错误","无需主持帮助；不是实际观察","示例任务理解较顺畅，不能据此证明真实可用性"
"SYNTHETIC 虚构示例","V087","T5 课表校对与匹配","协助完成","396","1","0","无示例严重错误","示例主持提示后完成；不是独立完成","需要再次确认按钮含义和下一步"
"SYNTHETIC 虚构示例","V088","T1 按日期找物品","独立完成","139","1","1","无示例严重错误","无需主持帮助；不是实际观察","示例任务理解较顺畅，不能据此证明真实可用性"
"SYNTHETIC 虚构示例","V088","T2 求物与推荐","协助完成","311","1","0","无示例严重错误","示例主持提示后完成；不是独立完成","需要再次确认按钮含义和下一步"
"SYNTHETIC 虚构示例","V088","T3 费用与归还","协助完成","192","1","0","无示例严重错误","示例主持提示后完成；不是独立完成","需要再次确认按钮含义和下一步"
"SYNTHETIC 虚构示例","V088","T4 不开GPS约地点","独立完成","61","1","1","无示例严重错误","无需主持帮助；不是实际观察","示例任务理解较顺畅，不能据此证明真实可用性"
"SYNTHETIC 虚构示例","V088","T5 课表校对与匹配","未完成","900","0","0","示例阻塞：任务无法继续","示例停止条件：达到900秒任务上限，仍未完成","星期或周次校对遗漏；把共同空档当成确定约定"
"SYNTHETIC 虚构示例","V089","T1 按日期找物品","独立完成","134","1","1","无示例严重错误","无需主持帮助；不是实际观察","示例任务理解较顺畅，不能据此证明真实可用性"
"SYNTHETIC 虚构示例","V089","T2 求物与推荐","独立完成","203","1","1","无示例严重错误","无需主持帮助；不是实际观察","示例任务理解较顺畅，不能据此证明真实可用性"
"SYNTHETIC 虚构示例","V089","T3 费用与归还","独立完成","123","1","1","无示例严重错误","无需主持帮助；不是实际观察","示例任务理解较顺畅，不能据此证明真实可用性"
"SYNTHETIC 虚构示例","V089","T4 不开GPS约地点","独立完成","109","1","1","无示例严重错误","无需主持帮助；不是实际观察","示例任务理解较顺畅，不能据此证明真实可用性"
"SYNTHETIC 虚构示例","V089","T5 课表校对与匹配","独立完成","262","1","1","无示例严重错误","无需主持帮助；不是实际观察","示例任务理解较顺畅，不能据此证明真实可用性"
"SYNTHETIC 虚构示例","V090","T1 按日期找物品","未完成","300","0","0","示例阻塞：任务无法继续","示例停止条件：达到300秒任务上限，仍未完成","把筛选结果误认为已经预约；忽略物品可用日期"
"SYNTHETIC 虚构示例","V090","T2 求物与推荐","协助完成","240","1","0","无示例严重错误","示例主持提示后完成；不是独立完成","需要再次确认按钮含义和下一步"
"SYNTHETIC 虚构示例","V090","T3 费用与归还","独立完成","112","1","1","无示例严重错误","无需主持帮助；不是实际观察","示例任务理解较顺畅，不能据此证明真实可用性"
"SYNTHETIC 虚构示例","V090","T4 不开GPS约地点","独立完成","100","1","1","无示例严重错误","无需主持帮助；不是实际观察","示例任务理解较顺畅，不能据此证明真实可用性"
"SYNTHETIC 虚构示例","V090","T5 课表校对与匹配","独立完成","338","1","1","无示例严重错误","无需主持帮助；不是实际观察","示例任务理解较顺畅，不能据此证明真实可用性"
"SYNTHETIC 虚构示例","V091","T1 按日期找物品","独立完成","111","1","1","无示例严重错误","无需主持帮助；不是实际观察","示例任务理解较顺畅，不能据此证明真实可用性"
"SYNTHETIC 虚构示例","V091","T2 求物与推荐","独立完成","194","1","1","无示例严重错误","无需主持帮助；不是实际观察","示例任务理解较顺畅，不能据此证明真实可用性"
"SYNTHETIC 虚构示例","V091","T3 费用与归还","独立完成","90","1","1","无示例严重错误","无需主持帮助；不是实际观察","示例任务理解较顺畅，不能据此证明真实可用性"
"SYNTHETIC 虚构示例","V091","T4 不开GPS约地点","独立完成","72","1","1","无示例严重错误","无需主持帮助；不是实际观察","示例任务理解较顺畅，不能据此证明真实可用性"
"SYNTHETIC 虚构示例","V091","T5 课表校对与匹配","协助完成","429","1","0","无示例严重错误","示例主持提示后完成；不是独立完成","需要再次确认按钮含义和下一步"
"SYNTHETIC 虚构示例","V092","T1 按日期找物品","独立完成","157","1","1","无示例严重错误","无需主持帮助；不是实际观察","示例任务理解较顺畅，不能据此证明真实可用性"
"SYNTHETIC 虚构示例","V092","T2 求物与推荐","独立完成","147","1","1","无示例严重错误","无需主持帮助；不是实际观察","示例任务理解较顺畅，不能据此证明真实可用性"
"SYNTHETIC 虚构示例","V092","T3 费用与归还","独立完成","81","1","1","无示例严重错误","无需主持帮助；不是实际观察","示例任务理解较顺畅，不能据此证明真实可用性"
"SYNTHETIC 虚构示例","V092","T4 不开GPS约地点","协助完成","174","1","0","无示例严重错误","示例主持提示后完成；不是独立完成","需要再次确认按钮含义和下一步"
"SYNTHETIC 虚构示例","V092","T5 课表校对与匹配","独立完成","342","1","1","无示例严重错误","无需主持帮助；不是实际观察","示例任务理解较顺畅，不能据此证明真实可用性"
"SYNTHETIC 虚构示例","V093","T1 按日期找物品","协助完成","210","1","0","无示例严重错误","示例主持提示后完成；不是独立完成","需要再次确认按钮含义和下一步"
"SYNTHETIC 虚构示例","V093","T2 求物与推荐","协助完成","241","1","0","无示例严重错误","示例主持提示后完成；不是独立完成","需要再次确认按钮含义和下一步"
"SYNTHETIC 虚构示例","V093","T3 费用与归还","协助完成","176","1","0","无示例严重错误","示例主持提示后完成；不是独立完成","需要再次确认按钮含义和下一步"
"SYNTHETIC 虚构示例","V093","T4 不开GPS约地点","独立完成","138","1","1","无示例严重错误","无需主持帮助；不是实际观察","示例任务理解较顺畅，不能据此证明真实可用性"
"SYNTHETIC 虚构示例","V093","T5 课表校对与匹配","未完成","900","0","0","示例阻塞：任务无法继续","示例停止条件：达到900秒任务上限，仍未完成","星期或周次校对遗漏；把共同空档当成确定约定"
"SYNTHETIC 虚构示例","V094","T1 按日期找物品","独立完成","142","1","1","无示例严重错误","无需主持帮助；不是实际观察","示例任务理解较顺畅，不能据此证明真实可用性"
"SYNTHETIC 虚构示例","V094","T2 求物与推荐","独立完成","153","1","1","无示例严重错误","无需主持帮助；不是实际观察","示例任务理解较顺畅，不能据此证明真实可用性"
"SYNTHETIC 虚构示例","V094","T3 费用与归还","独立完成","155","1","1","无示例严重错误","无需主持帮助；不是实际观察","示例任务理解较顺畅，不能据此证明真实可用性"
"SYNTHETIC 虚构示例","V094","T4 不开GPS约地点","协助完成","188","1","0","无示例严重错误","示例主持提示后完成；不是独立完成","需要再次确认按钮含义和下一步"
"SYNTHETIC 虚构示例","V094","T5 课表校对与匹配","未尝试",,"0","0","无示例严重错误","虚拟用户未选择课表任务；没有执行记录","个人可选择不导入课表"
"SYNTHETIC 虚构示例","V095","T1 按日期找物品","协助完成","194","1","0","无示例严重错误","示例主持提示后完成；不是独立完成","需要再次确认按钮含义和下一步"
"SYNTHETIC 虚构示例","V095","T2 求物与推荐","独立完成","141","1","1","无示例严重错误","无需主持帮助；不是实际观察","示例任务理解较顺畅，不能据此证明真实可用性"
"SYNTHETIC 虚构示例","V095","T3 费用与归还","独立完成","115","1","1","无示例严重错误","无需主持帮助；不是实际观察","示例任务理解较顺畅，不能据此证明真实可用性"
"SYNTHETIC 虚构示例","V095","T4 不开GPS约地点","协助完成","156","1","0","无示例严重错误","示例主持提示后完成；不是独立完成","需要再次确认按钮含义和下一步"
"SYNTHETIC 虚构示例","V095","T5 课表校对与匹配","协助完成","357","1","0","无示例严重错误","示例主持提示后完成；不是独立完成","需要再次确认按钮含义和下一步"
"SYNTHETIC 虚构示例","V096","T1 按日期找物品","独立完成","174","1","1","无示例严重错误","无需主持帮助；不是实际观察","示例任务理解较顺畅，不能据此证明真实可用性"
"SYNTHETIC 虚构示例","V096","T2 求物与推荐","协助完成","255","1","0","无示例严重错误","示例主持提示后完成；不是独立完成","需要再次确认按钮含义和下一步"
"SYNTHETIC 虚构示例","V096","T3 费用与归还","独立完成","104","1","1","无示例严重错误","无需主持帮助；不是实际观察","示例任务理解较顺畅，不能据此证明真实可用性"
"SYNTHETIC 虚构示例","V096","T4 不开GPS约地点","独立完成","54","1","1","无示例严重错误","无需主持帮助；不是实际观察","示例任务理解较顺畅，不能据此证明真实可用性"
"SYNTHETIC 虚构示例","V096","T5 课表校对与匹配","协助完成","413","1","0","无示例严重错误","示例主持提示后完成；不是独立完成","需要再次确认按钮含义和下一步"
"SYNTHETIC 虚构示例","V097","T1 按日期找物品","独立完成","99","1","1","无示例严重错误","无需主持帮助；不是实际观察","示例任务理解较顺畅，不能据此证明真实可用性"
"SYNTHETIC 虚构示例","V097","T2 求物与推荐","未完成","360","0","0","示例阻塞：任务无法继续","示例停止条件：达到360秒任务上限，仍未完成","不清楚推荐还需确认；没有供应时不知下一步"
"SYNTHETIC 虚构示例","V097","T3 费用与归还","独立完成","128","1","1","无示例严重错误","无需主持帮助；不是实际观察","示例任务理解较顺畅，不能据此证明真实可用性"
"SYNTHETIC 虚构示例","V097","T4 不开GPS约地点","独立完成","50","1","1","无示例严重错误","无需主持帮助；不是实际观察","示例任务理解较顺畅，不能据此证明真实可用性"
"SYNTHETIC 虚构示例","V097","T5 课表校对与匹配","未尝试",,"0","0","无示例严重错误","虚拟用户未选择课表任务；没有执行记录","个人可选择不导入课表"
"SYNTHETIC 虚构示例","V098","T1 按日期找物品","独立完成","122","1","1","无示例严重错误","无需主持帮助；不是实际观察","示例任务理解较顺畅，不能据此证明真实可用性"
"SYNTHETIC 虚构示例","V098","T2 求物与推荐","独立完成","204","1","1","无示例严重错误","无需主持帮助；不是实际观察","示例任务理解较顺畅，不能据此证明真实可用性"
"SYNTHETIC 虚构示例","V098","T3 费用与归还","协助完成","238","1","0","无示例严重错误","示例主持提示后完成；不是独立完成","需要再次确认按钮含义和下一步"
"SYNTHETIC 虚构示例","V098","T4 不开GPS约地点","独立完成","103","1","1","无示例严重错误","无需主持帮助；不是实际观察","示例任务理解较顺畅，不能据此证明真实可用性"
"SYNTHETIC 虚构示例","V098","T5 课表校对与匹配","独立完成","319","1","1","无示例严重错误","无需主持帮助；不是实际观察","示例任务理解较顺畅，不能据此证明真实可用性"
"SYNTHETIC 虚构示例","V099","T1 按日期找物品","独立完成","151","1","1","无示例严重错误","无需主持帮助；不是实际观察","示例任务理解较顺畅，不能据此证明真实可用性"
"SYNTHETIC 虚构示例","V099","T2 求物与推荐","未完成","360","0","0","示例阻塞：任务无法继续","示例停止条件：达到360秒任务上限，仍未完成","不清楚推荐还需确认；没有供应时不知下一步"
"SYNTHETIC 虚构示例","V099","T3 费用与归还","独立完成","94","1","1","无示例严重错误","无需主持帮助；不是实际观察","示例任务理解较顺畅，不能据此证明真实可用性"
"SYNTHETIC 虚构示例","V099","T4 不开GPS约地点","独立完成","101","1","1","无示例严重错误","无需主持帮助；不是实际观察","示例任务理解较顺畅，不能据此证明真实可用性"
"SYNTHETIC 虚构示例","V099","T5 课表校对与匹配","协助完成","403","1","0","无示例严重错误","示例主持提示后完成；不是独立完成","需要再次确认按钮含义和下一步"
"SYNTHETIC 虚构示例","V100","T1 按日期找物品","独立完成","106","1","1","无示例严重错误","无需主持帮助；不是实际观察","示例任务理解较顺畅，不能据此证明真实可用性"
"SYNTHETIC 虚构示例","V100","T2 求物与推荐","独立完成","170","1","1","无示例严重错误","无需主持帮助；不是实际观察","示例任务理解较顺畅，不能据此证明真实可用性"
"SYNTHETIC 虚构示例","V100","T3 费用与归还","独立完成","148","1","1","无示例严重错误","无需主持帮助；不是实际观察","示例任务理解较顺畅，不能据此证明真实可用性"
"SYNTHETIC 虚构示例","V100","T4 不开GPS约地点","独立完成","78","1","1","无示例严重错误","无需主持帮助；不是实际观察","示例任务理解较顺畅，不能据此证明真实可用性"
"SYNTHETIC 虚构示例","V100","T5 课表校对与匹配","未完成","900","0","0","示例阻塞：任务无法继续","示例停止条件：达到900秒任务上限，仍未完成","星期或周次校对遗漏；把共同空档当成确定约定"
